EST,Max TemperatureF,Mean TemperatureF,Min TemperatureF,Max Dew PointF,MeanDew PointF,Min DewpointF,Max Humidity, Mean Humidity, Min Humidity, Max Sea Level PressureIn, Mean Sea Level PressureIn, Min Sea Level PressureIn, Max VisibilityMiles, Mean VisibilityMiles, Min VisibilityMiles, Max Wind SpeedMPH, Mean Wind SpeedMPH, Max Gust SpeedMPH,PrecipitationIn, CloudCover, Events, WindDirDegrees
2011-1-1,59,44,29,55,42,26,93,80,66,30.15,30.05,29.96,10,8,4,14,3,22,T,7,Rain,201
2011-1-2,60,47,33,56,37,14,87,62,37,30.12,30.00,29.93,10,10,7,25,9,35,0.05,6,Rain,302
2011-1-3,39,32,24,14,12,10,57,45,32,30.31,30.22,30.13,10,10,10,17,7,25,0.00,0,,292
2011-1-4,45,33,20,21,17,14,88,60,31,30.16,29.98,29.85,10,10,10,9,2,13,0.00,4,,210
2011-1-5,40,31,22,19,15,12,81,57,33,30.01,29.91,29.83,10,10,10,17,6,23,0.00,4,,294
2011-1-6,39,30,21,22,16,12,77,55,33,29.82,29.69,29.53,10,10,9,12,2,16,0.00,5,,205
2011-1-7,34,29,24,25,17,9,92,64,36,29.50,29.45,29.43,10,8,2,16,3,22,T,7,Snow,273
2011-1-8,33,28,22,27,18,6,85,61,36,29.75,29.49,29.41,10,8,2,25,9,32,0.01,6,Snow,288
2011-1-9,35,28,21,11,9,7,57,46,35,30.29,30.08,29.78,10,10,10,25,14,32,0.00,1,,289
2011-1-10,36,28,19,14,12,10,68,53,38,30.37,30.30,30.25,10,10,10,15,6,21,0.00,5,,279
2011-1-11,31,27,22,27,21,14,100,77,53,30.27,30.08,29.83,10,6,0,9,3,14,0.13,8,Fog-Snow,94
2011-1-12,31,27,22,25,18,13,100,77,53,30.07,29.88,29.81,10,9,3,9,3,14,0.16,5,,277
2011-1-13,35,29,22,17,13,11,68,56,44,30.37,30.26,30.09,10,10,10,22,11,28,0.00,3,,295
2011-1-14,34,27,19,18,14,11,68,56,43,30.42,30.37,30.32,10,10,10,18,6,24,0.00,5,,276
2011-1-15,41,33,24,25,20,16,81,60,38,30.31,30.09,29.93,10,10,6,14,3,20,0.00,7,,228
2011-1-16,40,33,25,24,16,11,64,51,37,30.25,30.13,29.95,10,10,10,16,8,23,0.00,6,,309
2011-1-17,30,28,25,25,17,9,75,59,42,30.32,30.24,30.15,10,8,2,14,8,18,0.18,8,Rain-Snow,55
2011-1-18,36,32,27,34,31,25,96,93,89,30.12,29.85,29.73,8,4,2,9,6,12,0.27,8,Rain,321
2011-1-19,50,41,32,38,33,25,100,76,52,30.00,29.80,29.73,10,6,2,25,8,35,0.05,6,Rain,279
2011-1-20,43,36,29,28,23,20,78,61,43,30.14,29.96,29.68,10,10,9,20,6,28,T,7,Rain-Snow,252
2011-1-21,36,27,18,32,16,1,96,65,34,30.03,29.78,29.61,10,8,2,28,13,38,0.06,5,Snow,289
2011-1-22,25,19,12,5,1,-1,67,51,35,30.06,30.00,29.92,10,10,10,16,4,22,0.00,5,,312
2011-1-23,29,21,12,11,4,0,73,52,31,30.38,30.14,29.93,10,10,10,21,7,26,0.00,4,,300
2011-1-24,29,19,8,17,8,1,80,61,42,30.50,30.40,30.30,10,10,10,10,3,14,0.00,4,,148
2011-1-25,45,35,25,26,22,17,81,61,41,30.28,30.15,30.06,10,10,8,9,2,10,0.00,7,,76
2011-1-26,35,34,32,34,31,25,100,82,64,30.04,29.79,29.54,9,2,0,22,11,29,1.82,8,Fog-Rain-Snow-Thunderstorm,23
2011-1-27,36,31,26,32,26,22,89,74,59,29.96,29.88,29.69,10,9,7,17,7,23,T,7,,274
2011-1-28,35,31,27,32,28,23,96,87,78,29.93,29.84,29.77,10,6,1,14,2,25,0.06,8,Snow,266
2011-1-29,34,27,20,25,20,16,92,74,56,30.05,29.97,29.86,10,10,7,15,4,18,T,6,,230
2011-1-30,42,30,18,26,23,17,100,77,54,30.31,30.15,30.02,10,9,6,10,3,16,0.00,5,,290
2011-1-31,32,29,25,22,17,14,78,66,53,30.51,30.41,30.32,10,10,7,13,6,17,T,6,Snow,63
2011-2-1,34,31,28,32,29,21,100,88,75,30.36,30.21,30.05,10,2,0,13,4,16,0.12,8,Fog-Rain,68
2011-2-2,46,39,31,41,32,16,100,72,44,30.14,29.83,29.67,10,4,0,32,12,48,0.69,7,Fog-Rain,347
2011-2-3,34,29,23,17,14,12,74,58,41,30.44,30.36,30.18,10,10,10,30,8,40,0.00,5,,296
2011-2-4,41,32,22,27,19,14,81,61,41,30.40,30.27,30.09,10,10,10,10,4,14,0.00,7,,221
2011-2-5,40,37,33,38,33,27,100,88,75,30.06,29.75,29.44,10,4,0,21,6,30,0.23,7,Fog-Rain,111
2011-2-6,47,39,30,29,27,25,75,60,45,30.06,29.95,29.73,10,10,10,21,7,30,0.00,4,,283
2011-2-7,48,37,26,36,32,25,92,76,60,30.05,29.91,29.65,10,8,3,9,3,14,T,6,Rain,93
2011-2-8,39,31,22,36,19,0,92,63,34,30.28,29.91,29.59,10,9,4,29,14,38,T,5,Rain,287
2011-2-9,34,25,16,25,12,0,85,57,28,30.34,30.21,30.09,10,8,2,16,7,22,T,7,Snow,237
2011-2-10,32,24,16,21,6,-2,75,50,25,30.20,30.11,30.02,10,10,9,20,8,26,T,4,,296
2011-2-11,45,29,13,20,13,7,84,53,22,30.22,30.14,30.05,10,10,8,12,2,14,0.00,1,,173
2011-2-12,45,32,18,20,17,14,91,61,31,30.16,30.02,29.95,10,10,8,31,9,45,0.00,3,,264
2011-2-13,53,39,25,23,20,18,75,51,26,30.17,30.02,29.85,10,10,10,20,8,25,0.00,6,,218
2011-2-14,67,54,41,29,25,19,49,35,20,30.01,29.73,29.55,10,10,10,36,18,48,0.00,3,,260
2011-2-15,46,35,24,18,11,6,55,38,20,30.44,30.33,30.06,10,10,10,29,9,37,0.00,1,,307
2011-2-16,57,41,24,27,21,15,68,47,25,30.43,30.29,30.18,10,10,10,17,5,26,0.00,4,,211
2011-2-17,71,56,41,47,34,26,64,46,28,30.20,30.10,29.95,10,10,10,13,5,18,0.00,6,,193
2011-2-18,74,63,51,48,39,3,83,46,9,29.94,29.86,29.76,10,10,10,29,12,38,0.00,5,,249
2011-2-19,56,46,35,16,12,6,40,26,12,30.13,29.93,29.85,10,10,10,40,25,55,0.00,1,,292
2011-2-20,51,40,29,35,20,11,100,60,20,30.29,30.15,29.92,10,10,5,25,8,35,0.03,5,Rain,286
2011-2-21,42,35,27,36,30,24,92,79,65,29.92,29.78,29.65,10,7,0,22,7,28,0.27,8,Fog-Rain-Snow,25
2011-2-22,37,30,23,25,20,11,92,68,43,30.27,30.03,29.88,10,5,0,15,5,21,0.32,6,Snow,3
2011-2-23,45,32,18,21,14,11,75,50,25,30.38,30.32,30.27,10,10,10,8,1,10,0.00,1,,260
2011-2-24,50,37,23,43,32,19,88,67,46,30.30,30.10,29.92,10,10,5,16,4,29,0.02,6,Rain,197
2011-2-25,67,51,34,54,41,22,100,75,50,30.14,29.63,29.31,10,5,0,45,12,60,0.51,6,Fog-Rain-Hail-Thunderstorm,250
2011-2-26,46,39,32,34,25,20,79,58,37,30.25,30.12,29.90,10,10,10,15,6,21,0.00,5,,200
2011-2-27,61,47,32,38,34,31,96,68,39,30.02,29.97,29.88,10,10,7,15,4,24,0.00,6,,115
2011-2-28,68,55,42,56,47,30,100,81,61,29.98,29.74,29.61,10,6,1,25,9,35,0.50,7,Rain,277
2011-3-1,49,40,30,29,20,17,69,49,29,30.32,30.24,30.01,10,10,10,17,6,25,0.00,1,,331
2011-3-2,62,46,30,26,19,3,69,44,18,30.42,30.20,30.05,10,10,10,25,11,33,0.00,2,,264
2011-3-3,39,32,25,15,6,1,53,39,24,30.68,30.61,30.45,10,10,10,14,6,25,0.00,4,,28
2011-3-4,48,38,27,35,25,18,75,57,39,30.68,30.59,30.49,10,10,10,17,6,24,0.00,6,,142
2011-3-5,63,51,39,47,42,35,92,70,48,30.48,30.30,30.09,10,10,8,16,6,24,0.00,8,,147
2011-3-6,57,47,37,55,47,33,96,87,77,30.08,29.75,29.60,10,6,1,22,9,32,1.05,8,Rain,200
2011-3-7,50,42,34,34,23,12,89,56,23,30.34,30.03,29.71,10,9,4,25,12,37,0.01,4,Rain-Snow,317
2011-3-8,49,38,27,23,18,7,78,48,18,30.53,30.48,30.35,10,10,10,13,4,20,0.00,4,,72
2011-3-9,47,41,34,43,36,25,89,74,59,30.53,30.43,30.23,10,9,5,21,12,25,0.02,8,Rain,90
2011-3-10,58,52,45,56,51,44,100,96,92,30.21,29.88,29.59,10,4,1,25,12,35,2.61,8,Rain,129
2011-3-11,52,46,40,46,34,27,100,73,45,29.96,29.83,29.71,10,10,5,20,9,28,T,6,Rain,277
2011-3-12,58,47,36,34,30,27,79,58,36,29.99,29.90,29.81,10,10,10,18,6,28,0.00,3,,228
2011-3-13,58,47,35,36,30,27,82,59,35,30.30,30.10,29.85,10,10,10,22,9,30,0.00,2,,307
2011-3-14,53,42,31,30,26,21,82,55,28,30.42,30.34,30.27,10,10,10,16,5,23,0.00,6,,312
2011-3-15,50,42,33,40,31,26,89,68,46,30.47,30.39,30.27,10,10,6,16,7,21,0.13,7,Rain,99
2011-3-16,59,50,41,45,41,39,100,76,51,30.25,30.14,30.06,10,7,2,18,7,23,0.47,8,Rain,332
2011-3-17,65,52,39,40,37,34,85,60,34,30.28,30.18,30.06,10,10,9,12,6,17,0.00,3,,258
2011-3-18,81,65,48,53,45,37,66,50,33,30.05,29.94,29.86,10,10,10,20,8,28,0.00,6,,245
2011-3-19,67,55,43,53,32,26,63,46,29,30.50,30.24,29.95,10,10,10,23,11,29,0.00,4,,322
2011-3-20,50,43,36,36,23,16,70,48,26,30.65,30.56,30.44,10,10,10,14,6,18,T,6,,80
2011-3-21,70,57,43,52,43,36,92,73,53,30.41,30.09,29.82,10,9,2,21,7,32,0.21,7,Rain-Thunderstorm,189
2011-3-22,62,54,46,52,40,35,83,61,39,30.00,29.94,29.87,10,9,4,16,7,20,0.03,5,Rain,19
2011-3-23,46,44,42,45,41,39,100,92,83,29.95,29.74,29.49,10,4,1,16,10,22,0.28,8,Rain,86
2011-3-24,43,38,33,39,34,27,100,79,57,29.98,29.71,29.51,10,8,2,14,7,21,0.02,7,Rain,8
2011-3-25,46,37,27,26,19,14,92,62,31,30.06,30.00,29.94,10,10,10,18,5,24,0.00,5,,302
2011-3-26,46,37,28,18,14,10,58,42,25,30.11,30.04,29.99,10,10,10,15,6,20,0.00,5,,359
2011-3-27,47,39,30,21,15,9,69,47,25,30.06,30.01,29.95,10,10,9,16,6,21,T,5,Snow,342
2011-3-28,48,38,28,16,9,5,49,34,19,30.14,30.07,30.01,10,10,10,15,6,21,0.00,4,,308
2011-3-29,52,40,28,18,12,7,50,34,17,30.22,30.17,30.11,10,10,10,16,6,21,0.00,3,,292
2011-3-30,46,39,32,36,30,19,92,69,45,30.20,30.04,29.91,10,7,3,14,6,17,0.13,8,Rain-Snow,66
2011-3-31,43,40,37,41,38,34,100,93,85,29.90,29.76,29.62,10,4,1,13,8,16,0.03,8,Rain,44
2011-4-1,49,43,36,38,35,28,100,73,46,29.65,29.54,29.49,10,8,4,23,11,30,0.14,7,Rain,302
2011-4-2,52,42,32,41,32,28,82,62,42,29.86,29.68,29.62,10,9,2,28,7,37,0.04,5,Rain-Thunderstorm,282
2011-4-3,59,49,38,38,31,26,76,53,30,30.07,29.99,29.88,10,10,10,20,9,26,0.01,5,Rain-Thunderstorm,245
2011-4-4,86,65,43,51,42,37,92,56,19,29.94,29.64,29.40,10,10,9,26,11,37,T,6,Rain,192
2011-4-5,73,56,39,58,44,24,86,64,41,29.92,29.49,29.26,10,8,1,31,14,41,0.25,6,Rain-Thunderstorm,269
2011-4-6,64,49,34,30,28,25,75,51,26,30.10,29.99,29.88,10,10,10,22,8,29,0.00,3,,228
2011-4-7,61,53,44,43,41,38,83,67,51,30.19,30.05,29.95,10,9,6,15,8,18,0.00,5,,69
2011-4-8,48,45,42,45,41,39,92,84,76,30.22,30.13,30.06,10,7,2,20,9,24,0.35,8,Rain,67
2011-4-9,52,47,42,45,42,39,89,80,71,30.22,30.15,30.09,10,9,5,13,3,17,0.00,8,,61
2011-4-10,63,57,50,52,48,45,89,78,67,30.17,30.09,29.92,10,9,6,12,3,16,0.00,7,,150
2011-4-11,85,69,53,61,58,51,100,72,43,29.89,29.75,29.56,10,10,7,22,10,30,0.00,6,,217
2011-4-12,72,62,51,56,52,49,93,70,46,29.85,29.76,29.66,10,8,2,25,13,31,0.34,8,Rain,48
2011-4-13,56,52,47,50,47,44,100,86,71,29.96,29.86,29.79,10,6,0,20,8,25,0.16,8,Fog-Rain,341
2011-4-14,72,57,42,43,39,33,92,59,25,30.15,30.06,29.97,10,10,10,13,4,20,0.00,2,,282
2011-4-15,63,54,45,46,42,38,80,64,48,30.34,30.28,30.16,10,10,10,22,13,25,0.00,4,,84
2011-4-16,63,56,48,59,52,42,100,89,78,30.27,29.78,29.43,10,6,1,35,15,54,1.29,8,Rain-Thunderstorm,122
2011-4-17,66,57,47,51,36,31,86,57,28,29.86,29.76,29.57,10,10,10,31,13,39,0.00,4,,256
2011-4-18,73,61,48,49,44,38,71,55,38,30.01,29.92,29.85,10,10,10,13,5,17,0.00,5,,135
2011-4-19,65,59,53,54,49,40,83,62,40,30.07,29.98,29.92,10,9,3,15,6,21,0.07,7,Rain-Thunderstorm,89
2011-4-20,86,68,50,59,50,39,93,62,30,29.94,29.85,29.76,10,8,3,26,10,38,0.00,5,,294
2011-4-21,64,54,44,41,31,23,56,41,25,30.35,30.19,29.96,10,10,10,23,12,30,0.00,5,,310
2011-4-22,50,46,42,43,36,27,96,68,39,30.45,30.39,30.32,10,8,5,18,9,22,0.21,7,Rain,90
2011-4-23,74,59,44,61,51,42,100,79,57,30.29,30.09,29.94,10,6,1,16,6,23,0.08,7,Rain,175
2011-4-24,85,72,58,67,61,57,97,70,43,30.06,30.00,29.91,10,8,2,25,5,40,0.52,5,Rain-Thunderstorm,216
2011-4-25,85,73,61,66,64,61,100,76,51,30.05,29.97,29.87,10,8,2,15,4,21,0.02,4,Fog-Rain,151
2011-4-26,84,76,68,65,63,60,84,66,47,29.99,29.92,29.85,10,10,10,22,10,30,0.00,4,,191
2011-4-27,80,74,67,70,66,64,93,81,69,29.95,29.88,29.80,10,10,10,18,8,25,T,7,Rain-Thunderstorm,157
2011-4-28,78,67,55,67,61,42,84,63,41,29.80,29.68,29.62,10,9,2,23,10,33,0.04,7,Rain-Thunderstorm,212
2011-4-29,68,59,49,45,41,38,80,60,40,30.00,29.84,29.76,10,10,10,26,10,33,0.00,4,,278
2011-4-30,68,58,48,44,39,35,77,56,34,30.21,30.12,30.01,10,10,10,15,6,25,0.00,5,,328
2011-5-1,62,55,47,54,49,44,93,77,60,30.30,30.26,30.22,10,10,7,10,1,12,0.06,7,Rain,177
2011-5-2,74,64,54,61,55,50,93,77,61,30.23,30.16,30.08,10,10,9,12,4,15,0.00,7,,147
2011-5-3,82,70,57,63,60,54,100,75,49,30.07,29.98,29.86,10,9,4,21,8,32,0.02,6,Fog,208
2011-5-4,62,54,46,59,46,37,93,68,42,30.14,30.05,29.97,10,7,2,20,10,30,0.62,7,Rain,310
2011-5-5,68,56,43,38,35,30,76,51,26,30.16,30.09,29.99,10,10,10,26,10,36,0.00,2,,283
2011-5-6,72,56,40,52,42,38,100,66,31,30.03,29.93,29.82,10,9,2,20,6,26,0.13,4,Rain-Thunderstorm,226
2011-5-7,72,60,47,50,46,41,100,68,36,29.94,29.90,29.85,10,9,7,17,7,26,T,4,Rain,269
2011-5-8,75,61,47,50,46,42,93,65,37,29.93,29.90,29.86,10,10,10,12,3,17,0.00,5,,306
2011-5-9,74,62,49,48,44,39,83,58,33,30.02,29.96,29.92,10,10,10,17,6,24,0.00,2,,352
2011-5-10,77,62,46,47,41,34,77,50,23,30.04,29.98,29.93,10,10,10,12,4,16,0.00,4,,288
2011-5-11,74,65,55,54,50,47,78,60,41,30.08,30.04,29.96,10,10,10,13,5,15,0.00,4,,114
2011-5-12,79,65,51,58,54,48,96,71,46,30.10,30.03,29.94,10,10,10,12,4,14,0.00,5,,177
2011-5-13,68,63,58,59,56,54,93,83,73,29.96,29.90,29.83,10,10,9,15,6,21,T,8,,128
2011-5-14,65,62,59,63,60,55,100,89,78,29.83,29.74,29.62,10,5,1,12,6,14,0.38,8,Rain-Thunderstorm,97
2011-5-15,77,70,62,64,62,61,100,80,60,29.62,29.56,29.49,10,7,0,18,4,25,0.39,7,Fog-Rain-Thunderstorm,196
2011-5-16,77,68,58,64,61,58,100,77,54,29.71,29.63,29.54,10,9,7,14,4,21,0.00,6,Fog,33
2011-5-17,73,68,63,64,63,61,93,83,73,29.79,29.72,29.69,10,7,2,23,15,28,0.37,8,Rain-Thunderstorm,85
2011-5-18,71,67,63,63,61,59,93,83,73,29.87,29.83,29.77,10,8,2,18,7,23,0.25,7,Rain,94
2011-5-19,73,64,55,63,60,54,100,82,63,30.02,29.94,29.87,10,7,2,16,3,20,0.11,6,Fog-Rain-Thunderstorm,213
2011-5-20,72,62,51,57,54,51,100,79,57,30.01,29.98,29.92,10,9,8,18,7,25,T,5,Rain,274
2011-5-21,82,68,53,61,56,52,93,66,39,30.01,29.97,29.94,10,9,5,15,4,20,0.00,4,,275
2011-5-22,76,68,59,65,62,58,97,83,69,30.07,30.03,29.98,10,9,6,17,8,21,0.00,6,,84
2011-5-23,84,74,64,69,65,61,93,76,58,30.04,29.93,29.80,10,8,3,16,7,25,0.02,6,Rain,172
2011-5-24,86,79,71,69,66,63,90,69,48,29.86,29.82,29.77,10,9,5,21,7,28,0.02,6,Rain,255
2011-5-25,85,74,63,64,63,62,87,69,51,29.93,29.89,29.85,10,10,10,12,4,17,0.00,4,,165
2011-5-26,91,79,66,71,66,58,93,69,44,29.87,29.84,29.78,10,8,4,14,5,21,0.00,3,,170
2011-5-27,85,76,66,68,64,61,93,72,51,29.97,29.93,29.88,10,10,4,17,6,24,0.05,6,Rain-Thunderstorm,179
2011-5-28,84,74,64,68,65,62,93,74,55,30.04,29.99,29.95,10,10,10,14,5,21,0.00,4,,160
2011-5-29,85,77,68,70,69,67,93,77,61,30.10,30.07,30.02,10,9,7,12,5,17,0.00,5,,181
2011-5-30,98,84,70,72,69,64,100,68,35,30.12,30.09,30.04,10,8,4,13,4,20,0.00,1,Fog,289
2011-5-31,97,85,72,71,69,65,84,62,39,30.18,30.14,30.10,10,9,6,10,3,16,0.00,1,,143
2011-6-1,98,86,73,74,70,58,93,66,39,30.13,30.04,29.93,10,7,4,18,8,25,0.00,3,,242
2011-6-2,88,76,64,54,45,37,58,38,17,30.06,30.00,29.95,10,10,10,25,10,37,0.00,1,,294
2011-6-3,81,66,50,46,41,36,71,46,21,30.18,30.11,30.06,10,10,10,17,6,26,0.00,2,,317
2011-6-4,82,66,50,55,47,42,83,55,26,30.15,30.08,29.98,10,10,10,15,4,18,T,5,Rain,21
2011-6-5,83,75,66,63,59,55,78,63,47,30.03,30.00,29.96,10,10,9,18,5,22,0.18,6,Rain,66
2011-6-6,86,74,62,65,60,53,100,67,34,30.03,30.00,29.97,10,8,4,12,3,22,0.00,2,Fog-Rain-Thunderstorm,76
2011-6-7,90,75,60,64,60,57,90,62,34,30.02,29.96,29.90,10,10,6,15,5,20,0.00,5,,228
2011-6-8,99,84,68,74,67,62,84,61,38,29.97,29.93,29.88,10,9,7,13,5,18,0.00,2,,270
2011-6-9,100,86,71,73,68,62,93,62,31,29.93,29.89,29.81,10,6,2,41,6,56,0.29,4,Rain-Thunderstorm,280
2011-6-10,91,80,69,73,69,66,94,71,47,29.96,29.93,29.90,10,6,2,13,4,20,0.16,4,Rain-Thunderstorm,43
2011-6-11,87,79,71,73,71,66,93,77,61,29.95,29.90,29.83,10,5,2,17,4,21,T,6,Fog-Rain,111
2011-6-12,87,78,68,71,68,66,97,74,51,29.86,29.83,29.77,10,9,0,25,4,35,0.39,5,Fog-Rain-Thunderstorm,166
2011-6-13,78,70,62,67,54,50,84,62,39,29.95,29.90,29.83,10,10,10,14,7,23,0.00,4,,315
2011-6-14,79,68,57,54,52,48,72,58,43,29.96,29.90,29.87,10,10,10,14,8,24,0.00,4,,302
2011-6-15,84,69,53,54,49,45,83,55,26,29.98,29.93,29.88,10,10,10,12,4,16,0.00,3,,319
2011-6-16,81,70,58,67,62,54,90,72,54,29.96,29.89,29.85,10,7,1,24,4,31,1.96,7,Rain-Thunderstorm,174
2011-6-17,87,76,64,67,64,59,100,72,43,29.92,29.88,29.84,10,8,2,14,5,20,T,5,Fog-Rain-Thunderstorm,243
2011-6-18,85,77,68,69,66,63,93,71,48,29.91,29.86,29.81,10,9,4,17,5,23,0.07,7,Rain-Thunderstorm,262
2011-6-19,85,78,71,68,65,61,90,67,44,29.84,29.81,29.79,10,10,8,12,3,18,T,7,,114
2011-6-20,79,73,67,66,63,58,90,72,54,29.94,29.88,29.80,10,10,6,9,4,21,0.08,6,Rain,139
2011-6-21,87,77,67,71,67,63,90,73,55,29.95,29.92,29.87,10,9,6,12,3,20,0.02,7,Rain,174
2011-6-22,91,81,70,72,70,67,97,72,47,29.91,29.85,29.78,10,10,7,12,4,16,T,6,,230
2011-6-23,87,81,74,73,70,66,87,71,55,29.80,29.74,29.70,10,10,10,15,6,20,T,7,Rain,221
2011-6-24,87,78,69,70,64,57,93,68,42,29.76,29.71,29.67,10,10,10,21,6,25,T,5,Rain,251
2011-6-25,83,76,68,61,60,58,73,60,47,29.94,29.84,29.77,10,10,10,14,7,21,0.00,6,,279
2011-6-26,84,72,60,62,58,55,90,65,40,30.01,29.96,29.91,10,10,10,15,4,21,T,6,Rain,283
2011-6-27,82,75,68,67,64,61,84,71,58,30.04,30.00,29.94,10,9,4,10,4,15,0.01,7,Rain,22
2011-6-28,91,80,68,73,70,65,94,71,47,29.96,29.87,29.81,10,7,1,16,4,22,0.35,6,Rain-Thunderstorm,217
2011-6-29,87,79,70,70,60,53,93,62,31,29.97,29.91,29.86,10,10,10,21,8,29,0.00,4,,292
2011-6-30,86,73,60,58,54,48,84,58,31,30.05,30.00,29.94,10,10,10,15,3,28,0.00,2,,302
2011-7-1,89,75,60,56,52,44,84,54,23,30.06,30.01,29.98,10,10,10,12,3,21,0.00,1,,331
2011-7-2,93,76,58,66,57,46,90,56,21,30.09,30.02,29.95,10,10,10,14,3,18,0.00,3,,182
2011-7-3,93,81,69,71,68,62,93,67,41,29.97,29.90,29.80,10,7,1,28,6,37,0.55,7,Rain-Thunderstorm,252
2011-7-4,89,80,70,69,67,64,93,70,46,29.90,29.88,29.85,10,10,9,7,3,14,T,7,,266
2011-7-5,93,81,69,71,67,62,90,64,38,29.95,29.93,29.90,10,9,6,12,3,15,0.00,3,,251
2011-7-6,89,80,71,72,69,64,93,70,46,29.96,29.93,29.88,10,9,5,12,4,15,T,5,Rain,204
2011-7-7,95,83,70,71,68,64,100,68,36,29.95,29.91,29.84,10,8,2,30,5,39,0.10,3,Rain-Thunderstorm,262
2011-7-8,87,79,71,75,71,68,93,79,65,29.91,29.79,29.71,10,6,0,22,4,28,0.83,7,Fog-Rain-Thunderstorm,282
2011-7-9,90,79,68,69,65,60,97,68,38,30.01,29.89,29.78,10,9,5,14,5,20,0.00,3,,327
2011-7-10,90,79,68,67,65,63,84,63,41,30.07,30.02,29.98,10,10,7,15,3,20,0.00,2,,173
2011-7-11,93,83,72,75,70,64,94,73,52,30.01,29.91,29.78,10,9,2,31,8,38,0.17,4,Rain-Thunderstorm,211
2011-7-12,93,84,74,73,69,63,94,69,43,29.83,29.79,29.75,10,10,9,17,8,25,0.00,5,,283
2011-7-13,92,82,72,73,68,60,93,67,41,29.90,29.81,29.77,10,8,2,15,4,21,0.26,5,Rain-Thunderstorm,280
2011-7-14,83,75,66,60,54,52,68,52,36,30.06,30.00,29.91,10,10,10,16,6,24,0.00,3,,43
2011-7-15,83,74,64,63,59,52,87,62,36,30.12,30.09,30.06,10,10,10,13,4,17,0.00,3,,215
2011-7-16,87,74,60,65,59,55,90,64,37,30.18,30.15,30.12,10,10,9,15,5,21,0.00,2,,197
2011-7-17,91,80,68,66,63,60,78,58,38,30.20,30.15,30.09,10,10,10,13,5,16,0.00,3,,215
2011-7-18,95,83,70,69,67,63,90,63,36,30.09,29.99,29.88,10,10,9,14,6,18,0.00,4,,225
2011-7-19,95,85,74,76,72,69,85,67,49,29.87,29.82,29.78,10,7,1,16,4,24,0.16,7,Rain-Thunderstorm,301
2011-7-20,93,83,72,75,73,71,93,75,56,29.89,29.86,29.82,10,6,4,10,4,14,0.00,3,,96
2011-7-21,100,89,77,78,75,73,94,70,45,29.86,29.82,29.76,7,5,2,15,5,23,0.00,2,Fog,211
2011-7-22,106,94,81,77,73,66,85,59,32,29.90,29.87,29.81,10,8,5,16,5,22,0.00,3,,252
2011-7-23,102,90,78,73,70,68,79,58,37,29.99,29.92,29.88,10,10,7,15,5,21,0.06,4,Rain,278
2011-7-24,98,88,78,75,72,70,85,64,42,29.95,29.91,29.86,10,9,6,14,7,21,0.00,5,,288
2011-7-25,91,82,73,76,74,72,94,75,56,29.88,29.81,29.75,10,6,1,14,4,20,0.64,6,Rain-Thunderstorm,103
2011-7-26,95,84,72,73,65,55,93,61,28,29.82,29.75,29.70,10,8,2,14,5,22,0.00,2,Fog,246
2011-7-27,90,81,71,67,59,54,73,51,29,30.00,29.92,29.79,10,10,10,15,5,22,0.00,4,,318
2011-7-28,91,80,68,73,68,64,84,66,48,30.04,30.01,29.97,10,10,10,9,3,15,T,6,,165
2011-7-29,101,89,77,75,70,64,85,58,31,29.99,29.91,29.83,10,9,5,21,6,30,0.00,3,,275
2011-7-30,96,85,73,72,64,58,82,55,28,30.02,29.97,29.91,10,10,9,16,5,23,0.00,4,,302
2011-7-31,98,83,68,69,61,48,84,52,20,30.05,30.00,29.96,10,10,10,14,4,21,0.00,3,,292
2011-8-1,99,85,71,70,65,59,93,62,30,29.99,29.91,29.83,10,10,7,17,5,36,T,4,Rain-Thunderstorm,269
2011-8-2,96,83,70,66,61,53,84,55,26,29.85,29.80,29.74,10,10,10,16,6,26,T,4,,279
2011-8-3,85,80,74,74,69,65,88,70,51,29.76,29.71,29.68,10,7,1,16,2,22,0.43,8,Rain-Thunderstorm,220
2011-8-4,80,75,70,74,71,65,94,82,69,30.02,29.84,29.69,10,6,2,15,7,20,0.01,7,Rain,50
2011-8-5,85,75,65,66,65,62,100,76,51,30.10,30.06,30.02,10,10,10,15,5,22,0.00,4,,147
2011-8-6,89,79,69,75,71,66,97,76,55,30.06,29.94,29.84,10,8,2,15,5,22,0.36,6,Rain-Thunderstorm,169
2011-8-7,93,84,75,77,74,72,94,73,52,29.84,29.72,29.62,10,8,3,20,5,26,0.02,6,Rain-Thunderstorm,235
2011-8-8,91,83,74,74,69,66,94,69,44,29.66,29.63,29.59,10,9,6,16,7,23,0.00,3,,278
2011-8-9,92,81,70,73,70,66,93,69,44,29.66,29.58,29.51,10,7,3,26,4,36,0.04,4,Rain-Thunderstorm,258
2011-8-10,90,80,69,66,59,49,84,55,26,29.75,29.68,29.61,10,10,10,18,7,26,0.00,2,,281
2011-8-11,86,76,65,59,54,48,73,50,27,29.95,29.85,29.75,10,10,10,15,5,24,0.00,3,,315
2011-8-12,88,75,62,57,52,47,78,52,25,30.07,30.02,29.96,10,10,10,14,4,20,0.00,3,,316
2011-8-13,81,72,63,73,68,57,93,80,67,30.06,30.01,29.94,10,6,1,18,1,28,0.82,7,Rain-Thunderstorm,146
2011-8-14,81,75,68,73,71,66,93,84,74,29.94,29.79,29.70,10,6,1,18,3,25,0.65,7,Rain-Thunderstorm,160
2011-8-15,83,75,67,70,67,64,93,78,62,29.77,29.69,29.66,10,8,2,18,4,23,0.17,7,Rain-Thunderstorm,309
2011-8-16,85,76,66,66,63,61,93,69,44,30.05,29.89,29.76,10,10,5,17,7,25,0.08,4,Rain,311
2011-8-17,89,77,65,68,66,63,93,70,46,30.15,30.09,30.05,10,10,8,14,3,21,0.00,2,,115
2011-8-18,89,79,68,68,66,61,97,74,50,30.07,29.98,29.91,10,7,0,32,5,40,1.72,6,Rain-Thunderstorm,192
2011-8-19,86,76,66,73,68,63,93,76,59,29.96,29.91,29.84,10,8,5,29,4,35,0.01,5,Rain-Thunderstorm,97
2011-8-20,87,75,63,69,65,62,100,73,45,30.01,29.98,29.94,10,9,7,13,3,16,0.00,2,,163
2011-8-21,87,79,70,73,70,68,100,85,70,29.98,29.88,29.79,10,7,0,24,3,35,0.99,6,Fog-Rain-Thunderstorm,194
2011-8-22,82,73,63,71,57,48,93,63,33,30.00,29.90,29.78,10,10,9,18,7,25,T,4,,310
2011-8-23,81,68,55,57,52,47,84,57,30,30.09,30.05,30.00,10,10,10,10,3,16,0.00,3,,245
2011-8-24,84,71,57,66,61,56,93,69,44,30.09,30.01,29.92,10,10,10,17,6,25,0.00,4,,182
2011-8-25,81,75,69,73,70,66,90,80,69,29.95,29.91,29.86,10,7,2,14,5,18,0.38,6,Rain-Thunderstorm,212
2011-8-26,86,76,66,73,69,65,100,81,61,30.00,29.95,29.90,10,10,6,10,4,14,0.01,4,Fog,110
2011-8-27,78,75,71,74,71,68,94,87,79,29.90,29.59,29.18,10,5,1,33,17,51,3.59,8,Rain,37
2011-8-28,83,74,64,69,64,58,93,68,43,29.77,29.37,29.02,10,8,2,32,16,51,1.10,5,Rain,300
2011-8-29,80,70,59,59,55,51,90,65,39,30.05,29.95,29.80,10,10,10,10,3,18,0.00,5,,351
2011-8-30,81,69,56,58,54,50,93,65,36,30.17,30.12,30.06,10,10,10,13,3,20,0.00,1,,107
2011-8-31,83,70,56,61,57,54,93,66,39,30.23,30.18,30.14,10,10,10,9,2,13,0.00,4,,150
2011-9-1,81,70,59,63,60,57,93,72,51,30.18,30.13,30.06,10,10,9,10,2,14,T,4,,171
2011-9-2,77,71,65,66,63,57,93,72,50,30.10,30.07,30.04,10,10,10,10,3,14,0.02,7,Rain,131
2011-9-3,82,75,67,72,67,63,93,80,67,30.05,29.99,29.92,10,9,3,10,3,13,0.14,5,Rain,195
2011-9-4,87,78,69,73,70,66,93,77,61,29.93,29.88,29.80,10,9,6,13,5,16,0.00,5,,167
2011-9-5,81,73,64,73,70,63,100,87,74,29.83,29.78,29.74,10,6,1,25,4,33,1.43,8,Rain,199
2011-9-6,64,63,62,63,61,59,100,92,84,30.00,29.93,29.82,10,5,1,23,11,28,1.84,8,Rain,23
2011-9-7,78,71,63,76,71,62,100,97,94,29.97,29.94,29.90,10,3,0,16,5,24,3.40,8,Fog-Rain-Thunderstorm,110
2011-9-8,75,70,64,72,69,63,100,94,87,29.95,29.91,29.84,10,4,1,20,9,25,1.44,8,Rain-Thunderstorm,57
2011-9-9,82,74,66,73,69,64,100,91,82,29.88,29.86,29.83,10,5,1,15,5,18,0.43,7,Fog-Rain,70
2011-9-10,84,75,65,72,67,64,100,79,58,29.99,29.90,29.86,10,6,0,12,3,15,0.00,6,Fog,296
2011-9-11,81,73,64,68,65,61,100,82,64,30.08,30.03,29.99,10,6,1,17,4,24,0.68,6,Rain-Hail-Thunderstorm,51
2011-9-12,83,72,60,66,62,60,100,74,47,31.05,30.06,29.96,10,10,8,10,2,13,0.00,3,Fog,237
2011-9-13,84,73,61,65,63,61,100,74,47,30.00,29.96,29.92,10,10,9,12,4,18,0.00,1,,226
2011-9-14,88,76,63,70,65,62,93,70,46,29.96,29.93,29.87,10,9,6,18,4,24,0.00,3,,205
2011-9-15,77,63,49,64,59,46,93,80,67,30.20,29.97,29.87,10,9,2,21,6,30,0.13,6,Rain,326
2011-9-16,65,55,45,50,44,41,93,69,44,30.35,30.31,30.22,10,10,10,12,3,17,0.00,5,,285
2011-9-17,64,58,51,54,50,46,93,80,67,30.41,30.37,30.33,10,10,10,12,5,15,T,6,Rain,45
2011-9-18,70,62,53,53,50,46,89,70,51,30.39,30.35,30.31,10,10,10,17,8,21,0.00,6,,55
2011-9-19,70,62,53,58,54,52,93,75,57,30.31,30.23,30.14,10,10,10,14,4,21,0.00,6,,93
2011-9-20,73,67,61,64,62,59,93,89,84,30.16,30.12,30.08,10,9,4,9,3,13,0.04,7,Rain,201
2011-9-21,75,66,57,70,64,57,100,90,79,30.20,30.16,30.11,10,6,0,12,4,14,0.01,7,Fog-Rain,98
2011-9-22,80,73,65,72,69,64,100,85,69,30.11,30.09,30.07,10,7,2,9,3,12,0.01,7,,183
2011-9-23,72,70,67,72,71,68,100,97,93,30.09,29.99,29.88,6,2,0,13,2,15,3.19,8,Fog-Rain,158
2011-9-24,75,70,64,67,66,64,100,90,79,30.09,30.02,29.95,10,7,2,8,2,13,0.00,7,,281
2011-9-25,78,72,66,70,68,65,100,84,67,30.11,30.06,29.93,10,6,2,5,1,,0.02,7,Rain,75
2011-9-26,80,74,68,72,70,67,100,86,71,30.02,29.98,29.92,10,6,1,10,2,13,0.02,7,Rain,122
2011-9-27,79,74,68,72,70,67,100,90,79,29.94,29.91,29.86,10,5,0,14,6,17,T,7,Fog,115
2011-9-28,80,73,66,72,69,64,100,84,67,29.91,29.85,29.79,10,6,2,22,5,32,0.52,7,Rain-Thunderstorm,129
2011-9-29,77,68,59,68,63,52,97,74,50,29.78,29.74,29.68,10,7,2,18,6,23,0.00,5,,248
2011-9-30,78,66,54,59,53,48,93,68,43,29.75,29.70,29.65,10,10,9,15,4,23,0.00,4,,284
2011-10-1,59,54,49,49,46,44,100,82,64,29.81,29.76,29.68,10,9,2,17,10,23,0.21,7,Rain,284
2011-10-2,51,48,44,47,43,39,93,80,66,29.95,29.84,29.75,10,9,3,16,9,24,0.12,8,Rain,277
2011-10-3,56,50,43,48,44,41,93,80,66,30.11,30.03,29.94,10,10,10,12,3,16,0.02,6,Rain,273
2011-10-4,71,58,45,53,49,45,100,74,47,30.14,30.11,30.07,10,9,4,15,7,22,0.00,4,Fog,287
2011-10-5,76,63,50,53,49,43,96,64,31,30.27,30.18,30.13,10,10,10,16,6,22,0.00,0,,295
2011-10-6,72,59,45,49,43,38,89,61,33,30.41,30.35,30.30,10,10,10,10,1,15,0.00,0,,12
2011-10-7,72,59,45,51,47,43,100,68,35,30.49,30.43,30.36,10,10,10,10,2,14,0.00,0,,87
2011-10-8,75,61,46,55,49,43,100,67,33,30.54,30.49,30.45,10,10,7,7,1,12,0.00,0,,176
2011-10-9,83,66,49,59,52,48,93,64,35,30.47,30.40,30.33,10,10,9,6,1,10,0.00,2,,254
2011-10-10,85,69,52,61,55,48,97,64,31,30.32,30.24,30.16,10,10,9,8,1,15,0.00,6,,345
2011-10-11,72,66,59,62,59,56,90,76,61,30.15,30.12,30.06,10,10,8,16,6,20,T,8,,64
2011-10-12,65,64,62,63,61,57,100,89,78,30.08,29.96,29.84,10,7,2,23,14,29,0.40,8,Rain,66
2011-10-13,71,67,63,70,65,62,100,95,90,29.83,29.69,29.57,10,3,0,13,8,17,0.27,8,Fog-Rain,91
2011-10-14,70,63,56,67,60,40,93,68,42,29.68,29.51,29.44,10,8,2,28,10,35,0.18,6,Rain-Thunderstorm,213
2011-10-15,71,61,51,44,38,31,77,51,25,29.90,29.74,29.68,10,10,10,29,11,37,0.00,1,,240
2011-10-16,71,60,49,46,41,35,66,49,32,30.01,29.88,29.69,10,10,10,20,8,31,0.00,3,,218
2011-10-17,72,61,50,51,46,39,96,67,37,29.87,29.80,29.68,10,10,10,17,6,26,0.00,5,,270
2011-10-18,74,61,48,55,50,42,100,68,35,29.88,29.83,29.76,10,10,7,12,4,15,0.00,7,,90
2011-10-19,71,66,60,70,63,53,100,92,84,29.75,29.47,29.26,10,4,1,25,11,32,0.76,8,Rain,72
2011-10-20,69,60,51,67,48,38,87,69,51,29.79,29.50,29.26,10,10,10,23,12,35,0.00,4,,215
2011-10-21,61,53,45,41,40,39,82,65,47,30.10,29.98,29.81,10,10,10,22,10,28,0.00,4,,258
2011-10-22,60,51,42,43,41,39,92,72,51,30.15,30.12,30.09,10,10,8,12,3,18,0.00,3,,280
2011-10-23,65,52,38,48,43,37,100,74,48,30.17,30.13,30.08,10,8,4,10,3,13,0.00,2,,192
2011-10-24,67,55,42,52,48,41,100,76,52,30.13,30.06,29.98,10,8,5,9,3,14,T,4,Rain,235
2011-10-25,68,56,44,48,42,36,93,63,32,30.19,30.11,30.05,10,10,9,17,7,23,0.00,1,,269
2011-10-26,63,58,53,56,49,43,100,78,56,30.04,29.88,29.77,10,9,5,15,5,20,0.06,6,Fog-Rain,232
2011-10-27,64,54,43,59,52,34,100,83,65,30.02,29.72,29.58,10,8,5,25,5,32,0.15,8,Fog-Rain,293
2011-10-28,50,44,38,37,32,28,82,64,46,30.25,30.19,30.04,10,10,6,14,5,21,0.05,7,Rain,52
2011-10-29,42,38,33,39,36,32,92,89,85,30.17,29.98,29.87,10,6,2,21,12,26,1.09,8,Rain-Snow,8
2011-10-30,54,43,31,32,29,21,89,59,28,30.37,30.25,30.07,10,10,10,13,5,23,0.00,1,,300
2011-10-31,56,43,30,40,34,28,96,70,43,30.39,30.32,30.26,10,10,10,15,3,20,0.00,5,,111
2011-11-1,62,50,37,45,40,36,93,66,39,30.37,30.30,30.24,10,10,5,12,3,20,0.07,4,Fog-Rain,5
2011-11-2,62,48,33,42,38,33,100,70,39,30.43,30.35,30.27,10,10,9,8,2,12,0.00,2,Fog,176
2011-11-3,65,52,38,46,41,36,93,67,40,30.26,30.09,29.94,10,10,8,12,3,17,0.00,5,Fog,181
2011-11-4,58,51,43,48,36,23,100,64,28,30.25,30.02,29.88,10,8,3,21,8,30,0.00,5,Fog,21
2011-11-5,52,42,31,28,25,18,85,56,27,30.50,30.41,30.27,10,10,10,17,7,25,0.00,0,,40
2011-11-6,59,45,30,40,35,28,92,72,51,30.56,30.47,30.40,10,10,10,12,2,16,0.00,2,,156
2011-11-7,69,51,33,45,39,34,100,66,31,30.40,30.36,30.28,10,6,0,9,1,13,0.00,2,Fog,202
2011-11-8,71,54,36,44,41,36,92,63,33,30.30,30.25,30.20,10,10,10,8,1,10,0.00,0,Fog,157
2011-11-9,63,49,35,49,42,34,100,76,51,30.20,30.12,29.99,10,8,4,10,2,13,0.00,2,Fog,129
2011-11-10,57,50,43,54,46,32,100,81,62,29.98,29.89,29.79,10,5,0,17,5,24,0.05,8,Fog-Rain,311
2011-11-11,50,43,36,31,26,23,70,54,38,30.12,29.93,29.78,10,10,10,29,13,39,0.00,3,,274
2011-11-12,62,47,31,34,29,25,75,53,30,30.15,30.12,30.08,10,10,10,17,5,22,0.00,2,,217
2011-11-13,64,48,32,40,32,27,96,61,25,30.14,30.05,29.97,10,10,10,18,6,28,0.00,5,,206
2011-11-14,74,65,56,54,49,42,72,58,44,29.98,29.88,29.79,10,10,10,18,10,29,0.00,6,,219
2011-11-15,68,63,57,55,52,50,80,70,59,29.97,29.89,29.79,10,10,8,16,4,24,0.01,8,Rain,246
2011-11-16,58,55,52,57,55,49,100,92,83,29.95,29.82,29.70,10,4,1,14,4,29,0.37,8,Rain,353
2011-11-17,53,45,36,50,30,21,96,67,38,30.20,29.99,29.86,10,10,10,21,9,28,T,5,Rain,306
2011-11-18,46,38,29,22,19,16,75,55,34,30.48,30.41,30.22,10,10,10,16,6,21,0.00,1,,271
2011-11-19,55,41,26,36,26,20,85,55,24,30.45,30.36,30.26,10,10,10,15,3,22,0.00,4,,189
2011-11-20,68,57,46,56,48,39,71,62,52,30.24,30.18,30.15,10,10,4,13,5,20,0.06,8,Rain,227
2011-11-21,61,55,49,57,53,48,100,93,86,30.27,30.20,30.13,6,2,0,14,5,17,0.15,8,Fog-Rain,45
2011-11-22,61,55,49,59,51,48,100,97,93,30.27,30.15,29.82,4,2,0,10,6,12,1.17,8,Fog-Rain,72
2011-11-23,64,54,44,61,51,32,100,78,56,30.09,29.74,29.61,10,9,3,28,10,41,0.16,6,Fog-Rain,287
2011-11-24,60,46,31,36,33,29,92,64,36,30.26,30.22,30.12,10,10,10,16,5,21,0.00,1,,277
2011-11-25,70,53,36,38,31,21,92,54,16,30.27,30.22,30.17,10,10,10,13,5,16,0.00,1,,243
2011-11-26,70,53,36,39,35,29,92,57,22,30.26,30.21,30.17,10,10,9,13,1,23,0.00,5,,275
2011-11-27,71,54,36,51,45,35,92,70,47,30.16,30.11,30.06,10,10,9,18,4,28,0.00,5,,176
2011-11-28,69,57,45,56,52,45,100,79,57,30.14,30.07,29.99,10,10,7,14,4,16,0.00,6,Fog,100
2011-11-29,67,58,48,61,53,40,100,91,81,29.98,29.79,29.66,10,6,2,24,7,35,0.41,7,Fog-Rain,146
2011-11-30,50,45,39,38,32,25,85,67,49,30.09,29.84,29.67,10,10,10,21,10,26,0.00,4,,254
2011-12-1,53,43,32,31,28,25,82,62,41,30.34,30.26,30.11,10,10,10,15,7,24,0.00,0,,309
2011-12-2,59,43,26,32,26,17,92,57,21,30.55,30.38,30.30,10,10,10,13,3,20,0.00,1,Fog,294
2011-12-3,50,40,29,33,29,25,85,64,42,30.68,30.62,30.56,10,10,8,12,2,14,0.00,4,,97
2011-12-4,57,43,29,42,36,27,93,70,47,30.56,30.47,30.39,10,8,3,12,2,15,0.00,4,Fog,168
2011-12-5,58,47,35,55,42,36,100,86,72,30.38,30.31,30.15,10,4,0,7,1,8,0.00,7,Fog,101
2011-12-6,63,60,56,61,58,55,100,95,90,30.12,30.02,29.89,10,8,2,10,4,16,0.25,8,Rain,186
2011-12-7,62,50,37,61,53,35,100,93,86,29.89,29.73,29.53,10,4,1,25,8,36,2.38,8,Rain-Snow,332
2011-12-8,45,38,31,34,27,24,85,67,49,30.35,30.18,29.81,10,10,10,33,9,46,0.00,3,,278
2011-12-9,52,40,27,36,31,26,92,68,44,30.34,30.28,30.21,10,10,10,13,2,16,0.00,4,,222
2011-12-10,47,38,29,31,22,13,82,58,33,30.54,30.36,30.23,10,10,10,17,6,25,0.00,4,,304
2011-12-11,43,33,23,20,17,13,81,55,29,30.69,30.62,30.55,10,10,10,8,2,13,0.00,0,,1
2011-12-12,46,34,22,29,24,19,88,67,45,30.62,30.54,30.47,10,10,8,7,1,12,0.00,5,,222
2011-12-13,51,37,23,28,24,19,92,61,29,30.46,30.42,30.37,10,10,8,13,5,21,0.00,1,,288
2011-12-14,51,41,31,34,31,26,82,66,50,30.43,30.37,30.29,10,10,10,7,1,9,0.00,7,,144
2011-12-15,63,54,44,50,42,32,71,61,51,30.27,30.02,29.85,10,10,9,16,7,25,0.01,7,Rain,204
2011-12-16,60,50,40,50,30,23,77,59,41,30.22,30.12,29.85,10,10,10,24,10,30,0.00,7,,292
2011-12-17,43,36,28,28,24,22,85,65,45,30.22,30.19,30.14,10,10,9,20,8,25,0.00,6,,300
2011-12-18,42,34,26,27,24,23,85,66,46,30.34,30.27,30.20,10,10,8,14,4,21,0.00,5,,294
2011-12-19,51,37,23,30,26,21,88,65,42,30.31,30.17,30.05,10,10,10,13,5,18,0.00,4,,216
2011-12-20,53,49,44,41,38,30,89,68,46,30.18,30.13,30.05,10,10,8,8,4,25,T,8,,250
2011-12-21,62,53,44,59,52,40,92,86,80,30.09,29.89,29.78,10,9,5,18,6,25,0.09,7,Rain,214
2011-12-22,62,53,44,53,46,42,100,74,48,30.14,29.97,29.81,10,7,2,17,3,21,0.58,7,Rain,84
2011-12-23,53,45,36,48,43,30,100,75,50,30.25,29.93,29.75,10,7,1,21,8,29,0.47,6,Rain,313
2011-12-24,46,37,28,34,25,18,79,56,33,30.46,30.38,30.22,10,10,10,18,4,24,T,5,Rain,322
2011-12-25,48,36,24,33,28,23,92,73,53,30.40,30.19,29.99,10,10,8,10,3,14,0.00,2,,225
2011-12-26,49,40,30,27,26,25,85,64,42,30.31,30.23,30.01,10,10,10,23,8,31,0.00,3,,299
2011-12-27,54,43,31,52,40,27,96,79,62,30.20,29.70,29.40,10,6,1,20,7,30,0.72,7,Rain,150
2011-12-28,47,39,30,39,24,15,92,66,39,30.00,29.77,29.50,10,10,10,29,13,41,0.00,3,,279
2011-12-29,41,33,25,29,23,16,85,67,48,30.10,30.02,29.97,10,10,10,12,2,16,0.00,5,,216
2011-12-30,54,41,27,38,31,25,92,69,45,30.04,29.97,29.87,10,10,10,10,2,13,0.00,5,,120
2011-12-31,60,50,40,45,39,36,89,68,46,30.11,29.93,29.82,10,10,10,23,7,31,T,5,,274
2012-1-1,57,44,31,47,37,25,96,74,51,30.13,29.95,29.76,10,10,7,25,6,38,0.03,4,Rain,210
2012-1-2,47,39,31,25,17,11,58,45,32,29.93,29.89,29.82,10,10,10,35,14,45,0.00,5,,274
2012-1-3,32,26,19,18,10,1,63,51,39,30.26,30.06,29.93,10,10,6,25,14,36,T,3,Snow,301
2012-1-4,31,22,13,22,7,-3,55,46,36,30.32,30.17,29.99,10,10,4,16,5,23,T,5,Snow,259
2012-1-5,46,36,26,25,22,21,81,61,40,30.02,29.98,29.95,10,10,10,20,4,25,0.00,5,,274
2012-1-6,63,45,27,29,26,21,85,55,25,29.95,29.88,29.81,10,10,10,16,4,22,0.00,3,,226
2012-1-7,66,50,33,41,31,21,82,56,30,30.05,29.87,29.78,10,10,10,16,6,21,0.00,3,,257
2012-1-8,51,41,31,30,25,21,62,50,37,30.34,30.23,30.06,10,10,10,16,6,22,0.00,4,,301
2012-1-9,38,33,27,34,27,21,96,74,52,30.34,30.19,30.03,10,6,1,8,2,9,0.03,7,Snow,180
2012-1-10,53,41,29,34,31,27,100,69,38,30.05,30.01,29.97,10,6,1,20,6,26,0.00,5,,249
2012-1-11,46,37,27,45,37,25,100,88,76,30.05,29.87,29.56,10,6,2,21,7,29,0.56,6,Rain,78
2012-1-12,57,51,44,48,46,42,100,83,66,29.54,29.46,29.38,10,6,2,18,7,23,0.55,7,Rain,224
2012-1-13,53,41,28,47,23,13,86,61,35,29.97,29.64,29.32,10,10,6,30,17,39,0.01,4,Rain,266
2012-1-14,38,32,25,16,14,13,55,48,40,30.15,30.07,29.97,10,10,10,18,11,24,0.00,4,,279
2012-1-15,34,27,20,14,8,2,62,44,25,30.59,30.40,30.17,10,10,10,15,5,21,0.00,2,,330
2012-1-16,41,29,17,32,17,9,82,60,37,30.60,30.44,30.16,10,10,7,17,5,24,0.06,5,Rain,177
2012-1-17,59,49,39,50,41,33,89,76,62,30.13,29.86,29.66,10,10,6,25,10,36,0.08,6,Rain,216
2012-1-18,57,42,26,50,19,10,77,55,33,30.19,30.02,29.70,10,10,10,29,14,39,0.00,3,,307
2012-1-19,39,30,21,21,15,11,71,54,37,30.24,30.10,29.94,10,10,10,14,6,18,0.00,3,,172
2012-1-20,36,32,27,25,14,4,69,49,28,30.30,30.20,29.97,10,9,2,17,7,22,0.01,7,Snow,18
2012-1-21,32,29,26,29,26,21,92,85,78,30.30,30.08,29.95,10,5,1,13,7,21,0.28,8,Rain-Snow,40
2012-1-22,31,29,27,28,24,21,85,79,72,30.48,30.41,30.32,10,9,5,13,7,18,T,8,,39
2012-1-23,44,38,31,43,34,28,100,93,85,30.34,30.10,29.93,8,2,0,14,2,18,0.04,8,Fog-Rain,232
2012-1-24,59,47,35,43,39,32,100,74,47,30.22,30.06,29.95,10,6,1,14,5,18,0.00,5,,264
2012-1-25,49,41,32,31,29,27,89,67,45,30.38,30.29,30.22,10,10,7,13,3,20,0.00,5,,338
2012-1-26,50,44,38,45,39,31,93,82,70,30.20,30.00,29.75,8,6,4,12,6,14,T,8,Rain,78
2012-1-27,63,51,39,60,48,26,100,73,46,30.00,29.59,29.45,10,6,1,37,12,46,0.89,6,Rain-Thunderstorm,278
2012-1-28,53,41,28,33,25,14,85,59,32,30.17,30.03,29.92,10,10,10,29,7,40,0.00,2,,243
2012-1-29,48,40,31,30,14,9,44,33,21,30.27,30.18,30.06,10,10,7,29,9,37,T,3,Snow,246
2012-1-30,45,38,30,24,17,12,75,51,27,30.39,30.30,30.17,10,10,10,20,7,25,0.00,3,,254
2012-1-31,66,48,30,30,26,20,72,48,24,30.22,30.15,30.06,10,10,10,16,6,23,0.00,3,,219
2012-2-1,70,60,50,46,39,31,66,52,37,30.05,30.01,29.95,10,10,10,23,10,30,0.01,6,Rain,257
2012-2-2,57,48,39,46,36,27,86,66,45,30.33,30.09,29.98,10,10,10,23,7,33,T,6,Rain,346
2012-2-3,50,41,31,27,26,25,78,59,39,30.51,30.43,30.34,10,10,10,15,3,23,0.00,2,,294
2012-2-4,45,37,29,36,32,26,92,71,49,30.36,30.21,30.11,10,6,2,14,3,23,0.17,7,Rain-Snow,8
2012-2-5,45,38,30,34,28,26,92,71,49,30.23,30.16,30.09,10,9,4,13,5,20,T,5,Snow,353
2012-2-6,53,40,27,30,26,22,92,60,28,30.25,30.16,30.05,10,10,8,16,5,23,0.00,1,,238
2012-2-7,55,44,32,29,27,25,82,59,35,30.24,30.14,30.07,10,10,10,15,6,21,0.00,1,,307
2012-2-8,40,36,31,34,31,26,100,80,59,30.27,30.18,30.13,10,7,2,13,5,16,0.09,7,Rain-Snow,34
2012-2-9,45,38,30,34,24,20,100,69,37,30.26,30.20,30.14,10,9,4,15,6,22,0.00,3,,294
2012-2-10,46,37,27,34,25,21,85,63,40,30.19,30.07,29.91,10,10,4,10,3,21,0.01,7,Rain,21
2012-2-11,41,33,24,34,29,12,100,75,49,29.91,29.77,29.64,10,4,1,29,10,41,0.22,8,Rain-Snow,315
2012-2-12,32,27,22,13,9,5,62,51,39,30.14,30.04,29.88,10,10,8,29,16,37,T,4,Snow,290
2012-2-13,48,34,20,20,15,12,68,48,28,30.17,30.12,30.07,10,10,10,21,7,25,0.00,2,,251
2012-2-14,55,44,33,35,26,20,70,51,32,30.10,30.03,29.94,10,10,10,17,3,23,T,7,Rain,172
2012-2-15,54,45,36,33,31,28,85,63,41,30.30,30.19,30.02,10,10,10,21,6,31,0.00,4,,296
2012-2-16,45,40,35,43,38,29,100,85,70,30.30,30.15,30.02,10,6,2,8,2,12,0.12,7,Fog-Rain,130
2012-2-17,53,44,34,39,34,23,100,68,36,30.09,30.03,29.98,10,5,0,21,6,30,0.00,5,Fog,290
2012-2-18,57,43,28,34,27,21,85,59,32,30.12,30.03,29.89,10,10,10,16,6,23,0.00,3,,269
2012-2-19,44,39,34,27,23,19,59,50,41,30.11,30.02,29.91,10,10,10,14,7,24,0.00,7,,35
2012-2-20,49,39,29,23,20,18,63,46,29,30.36,30.19,29.97,10,10,10,16,7,22,0.00,3,,351
2012-2-21,49,36,23,33,25,19,88,63,38,30.35,30.13,29.86,10,10,10,22,6,33,0.00,4,,193
2012-2-22,63,50,36,37,33,27,85,56,27,29.85,29.69,29.46,10,10,10,17,6,25,0.00,6,,214
2012-2-23,65,57,48,43,37,31,80,55,30,29.67,29.57,29.45,10,10,10,23,9,31,T,5,,239
2012-2-24,54,49,43,48,42,25,93,69,45,29.63,29.49,29.37,10,6,1,36,10,48,0.16,7,Rain-Thunderstorm,51
2012-2-25,45,40,34,24,19,14,52,44,36,30.22,29.89,29.65,10,10,9,33,21,48,T,3,,274
2012-2-26,49,41,32,28,21,17,75,52,29,30.46,30.40,30.26,10,10,10,20,6,28,0.00,1,,263
2012-2-27,64,45,25,33,27,22,92,58,23,30.42,30.28,30.13,10,10,10,20,6,29,0.00,2,,222
2012-2-28,56,46,36,27,22,19,60,42,24,30.46,30.38,30.28,10,10,10,18,6,24,0.00,2,,303
2012-2-29,53,44,34,52,44,27,100,80,59,30.32,29.94,29.67,10,4,1,18,4,29,1.64,7,Rain,102
2012-3-1,67,55,43,56,45,28,100,66,32,29.98,29.69,29.59,10,7,1,22,9,30,0.04,3,Fog-Rain,276
2012-3-2,51,42,32,45,38,28,93,69,44,30.06,29.91,29.72,10,7,1,15,5,21,0.42,6,Rain-Thunderstorm,116
2012-3-3,60,53,45,48,37,20,100,64,27,29.73,29.61,29.54,10,7,1,23,10,30,0.49,7,Rain-Thunderstorm,277
2012-3-4,48,41,34,28,22,20,57,46,34,29.88,29.75,29.68,10,10,10,25,10,30,0.00,5,,292
2012-3-5,44,37,29,27,20,13,69,54,38,30.45,30.12,29.91,10,10,5,21,8,31,T,4,Snow,285
2012-3-6,48,37,25,29,19,13,70,49,28,30.68,30.59,30.48,10,10,10,14,4,18,0.00,1,,174
2012-3-7,67,50,32,43,34,26,82,57,31,30.57,30.46,30.33,10,10,10,21,8,29,0.00,3,,203
2012-3-8,74,64,53,50,47,44,77,58,38,30.34,30.14,29.91,10,10,10,29,13,39,0.00,5,,212
2012-3-9,67,53,38,52,27,17,77,51,24,30.36,30.15,29.94,10,10,8,28,13,36,0.01,5,Rain,310
2012-3-10,47,40,32,20,13,8,51,36,21,30.56,30.50,30.38,10,10,10,15,6,22,0.00,1,,328
2012-3-11,63,46,28,36,27,19,75,50,25,30.56,30.47,30.38,10,10,10,16,4,23,0.00,1,,201
2012-3-12,71,53,34,47,37,30,89,57,24,30.39,30.26,30.12,10,10,8,14,3,18,0.00,5,,172
2012-3-13,80,70,59,55,51,45,72,54,36,30.10,30.04,29.95,10,10,10,18,8,25,0.01,4,Rain,238
2012-3-14,79,66,52,48,40,31,77,47,17,30.19,30.13,30.04,10,10,10,17,5,24,0.00,2,,270
2012-3-15,73,61,48,53,48,42,89,69,48,30.20,30.17,30.13,10,9,5,18,7,21,0.00,5,,81
2012-3-16,63,57,50,51,49,48,93,80,67,30.20,30.17,30.13,8,4,2,14,4,16,T,8,,66
2012-3-17,71,59,46,55,51,45,100,77,53,30.33,30.25,30.18,8,5,2,13,6,16,0.00,1,Fog,95
2012-3-18,64,57,49,52,50,48,100,84,67,30.38,30.31,30.22,10,4,0,10,3,14,0.00,5,Fog,103
2012-3-19,75,60,45,60,52,46,93,75,57,30.22,30.19,30.14,10,6,0,14,4,21,0.04,4,Fog-Rain,111
2012-3-20,72,66,59,61,59,57,100,81,61,30.28,30.23,30.18,10,5,1,9,5,15,0.01,7,Rain,84
2012-3-21,68,62,56,59,57,55,100,84,68,30.34,30.29,30.25,10,6,0,8,3,10,0.00,7,Fog,86
2012-3-22,76,66,55,61,58,54,100,82,64,30.27,30.21,30.11,10,4,0,12,2,13,T,5,Fog,106
2012-3-23,81,67,53,61,55,51,100,68,36,30.10,30.05,29.96,10,6,2,12,5,16,0.00,4,Fog,89
2012-3-24,62,59,56,58,55,53,100,92,84,29.98,29.93,29.87,8,3,1,18,11,21,0.62,8,Rain-Thunderstorm,78
2012-3-25,61,56,51,53,50,48,100,86,72,29.86,29.80,29.75,10,6,1,14,5,18,0.02,8,Rain,17
2012-3-26,60,50,40,52,31,9,93,57,21,30.20,29.92,29.77,10,10,10,26,12,37,0.00,1,,329
2012-3-27,56,44,31,27,15,8,53,36,19,30.36,30.28,30.20,10,10,10,15,5,20,0.00,2,,311
2012-3-28,73,57,40,54,41,26,67,51,35,30.18,29.83,29.64,10,10,8,16,8,23,0.03,5,Rain-Thunderstorm,226
2012-3-29,65,56,47,49,37,30,56,46,36,30.03,29.86,29.68,10,10,10,20,11,26,0.00,1,,321
2012-3-30,47,41,35,39,33,29,83,68,53,30.13,30.03,29.86,10,10,9,13,3,16,T,4,Rain,74
2012-3-31,57,51,45,46,44,39,93,82,71,29.92,29.82,29.78,10,8,4,18,9,24,0.00,8,,55
2012-4-1,63,54,45,49,43,39,92,69,46,29.91,29.80,29.56,10,9,5,15,4,21,0.04,7,Rain,163
2012-4-2,61,51,40,50,37,25,96,61,25,29.93,29.74,29.56,10,8,4,23,10,35,0.02,4,Rain,337
2012-4-3,71,52,32,30,25,19,78,47,15,30.03,29.92,29.79,10,10,10,14,4,23,0.00,2,,286
2012-4-4,75,61,46,49,38,22,66,43,19,29.78,29.67,29.55,10,10,10,23,8,31,0.00,5,,306
2012-4-5,63,53,43,32,27,25,67,45,23,29.90,29.85,29.75,10,10,10,15,5,24,0.00,4,,14
2012-4-6,62,51,39,29,22,15,53,36,19,30.09,30.00,29.94,10,10,10,21,9,29,0.00,1,,10
2012-4-7,65,52,38,24,19,14,48,32,16,30.19,30.11,30.04,10,10,10,25,9,32,0.00,0,,307
2012-4-8,74,56,38,35,27,22,54,36,17,30.09,29.94,29.80,10,10,10,25,11,35,0.00,2,,288
2012-4-9,68,58,47,35,30,22,54,38,22,29.91,29.83,29.75,10,10,10,30,15,39,0.00,2,,273
2012-4-10,66,54,41,38,29,21,76,48,19,29.89,29.79,29.70,10,10,10,25,10,32,0.00,3,,276
2012-4-11,55,46,36,34,30,26,70,53,35,30.02,29.93,29.86,10,10,7,28,10,36,T,4,Rain,297
2012-4-12,62,50,37,33,30,25,76,52,28,30.17,30.09,30.02,10,10,10,18,8,25,0.00,3,,304
2012-4-13,66,52,37,32,28,25,70,46,22,30.28,30.22,30.17,10,10,10,15,5,22,0.00,2,,309
2012-4-14,76,57,38,42,35,30,85,52,19,30.25,30.16,30.05,10,10,10,16,5,23,T,6,Rain,217
2012-4-15,86,71,56,55,52,50,86,59,32,30.08,30.03,29.99,10,10,7,18,5,24,T,6,Rain,213
2012-4-16,90,77,63,60,57,54,84,57,29,30.04,29.98,29.91,10,10,10,18,7,24,0.00,3,,216
2012-4-17,78,67,55,57,41,31,61,41,21,30.19,30.13,29.96,10,10,10,16,7,25,0.00,4,,298
2012-4-18,61,56,50,49,41,32,89,63,36,30.27,30.20,30.14,10,9,5,13,3,20,0.16,8,Rain,359
2012-4-19,70,58,46,52,47,43,100,70,40,30.14,30.10,30.01,10,5,0,9,2,14,T,4,Fog-Rain,187
2012-4-20,73,59,44,53,49,43,93,71,49,30.02,29.96,29.83,10,6,0,13,4,17,0.00,3,Fog,138
2012-4-21,81,67,53,59,56,52,100,70,39,29.82,29.73,29.62,10,9,5,26,6,35,0.05,5,Rain,226
2012-4-22,57,51,45,51,46,42,93,82,71,29.78,29.60,29.36,10,6,2,20,9,26,1.33,8,Rain,347
2012-4-23,50,45,40,41,38,33,89,77,65,29.52,29.37,29.30,10,9,2,28,12,33,0.02,7,Rain,277
2012-4-24,62,50,37,36,28,20,92,56,20,29.74,29.58,29.50,10,10,10,23,7,30,0.00,5,,246
2012-4-25,69,54,38,38,33,27,86,54,21,29.88,29.82,29.75,10,10,10,20,6,33,0.00,4,,274
2012-4-26,64,56,48,58,52,38,93,80,66,29.88,29.74,29.61,10,7,1,22,3,29,0.29,7,Rain,179
2012-4-27,61,53,44,48,32,26,72,51,29,30.19,29.99,29.75,10,10,10,25,12,31,0.00,3,,297
2012-4-28,55,45,35,44,32,25,93,65,36,30.31,30.22,30.16,10,10,6,8,2,15,0.06,6,Rain,235
2012-4-29,70,56,41,44,38,29,100,61,22,30.25,30.18,30.12,10,8,3,14,4,23,0.02,5,,293
2012-4-30,63,55,47,46,38,26,82,59,35,30.32,30.24,30.13,10,10,8,15,8,20,0.00,6,Fog,95
2012-5-1,83,71,58,63,57,49,93,68,42,30.11,30.00,29.96,10,9,4,21,5,24,0.07,7,Rain,252
2012-5-2,65,61,56,61,57,52,93,83,73,30.14,30.07,29.97,10,7,2,16,9,20,T,8,Rain,69
2012-5-3,77,66,54,63,57,52,93,77,60,30.14,30.10,30.03,10,8,4,15,5,21,0.04,7,Rain-Thunderstorm,180
2012-5-4,85,73,60,69,62,59,100,74,48,30.03,29.97,29.86,10,5,0,15,3,18,T,6,Fog-Rain,81
2012-5-5,80,70,60,66,62,59,97,78,58,30.00,29.90,29.86,10,7,2,21,5,24,0.02,6,Rain,77
2012-5-6,72,66,59,59,57,55,93,77,61,30.09,30.05,29.99,10,8,2,12,6,14,T,7,Rain,96
2012-5-7,69,61,53,55,50,41,93,68,42,30.12,30.08,30.04,10,10,10,17,6,24,T,7,,148
2012-5-8,72,66,59,65,58,49,87,74,61,30.04,29.90,29.80,10,9,2,16,6,23,0.10,8,Rain,179
2012-5-9,76,67,58,65,61,54,93,73,53,29.80,29.73,29.64,10,7,2,23,6,28,0.26,8,Rain,263
2012-5-10,68,57,45,56,45,36,93,63,32,29.94,29.73,29.60,10,9,5,24,11,33,T,3,Rain,287
2012-5-11,73,59,44,41,37,32,82,54,25,30.17,30.07,29.95,10,10,10,21,9,30,0.00,1,,280
2012-5-12,79,65,50,48,42,37,71,47,23,30.29,30.23,30.18,10,10,10,13,4,15,0.00,4,,242
2012-5-13,82,68,54,59,53,48,83,61,39,30.21,30.16,30.09,10,10,10,14,5,20,0.00,6,,207
2012-5-14,70,66,62,63,61,56,93,78,63,30.13,30.09,30.03,10,8,2,13,5,20,0.15,8,Rain,154
2012-5-15,81,73,65,67,64,62,93,74,54,30.03,29.95,29.90,10,8,2,10,5,16,0.39,7,Rain,164
2012-5-16,83,73,62,63,60,50,100,67,33,29.94,29.90,29.85,10,10,6,12,4,16,0.00,6,Fog,233
2012-5-17,75,64,53,61,48,39,87,57,27,30.12,30.05,29.93,10,10,10,15,5,23,0.00,4,,24
2012-5-18,75,61,47,51,46,42,89,61,33,30.20,30.15,30.12,10,10,10,16,5,20,0.00,4,,76
2012-5-19,83,66,49,53,47,41,86,58,30,30.18,30.13,30.09,10,10,10,12,3,20,0.00,3,,63
2012-5-20,83,67,51,65,53,37,89,59,28,30.17,30.14,30.10,10,9,2,22,10,28,0.04,4,Rain,61
2012-5-21,74,69,64,68,64,62,93,90,87,30.11,30.02,29.93,10,5,1,21,11,24,0.56,8,Rain,87
2012-5-22,77,70,62,64,63,61,100,80,60,29.91,29.86,29.81,10,9,6,9,3,14,T,7,Rain,101
2012-5-23,80,72,63,67,65,62,93,79,64,29.98,29.90,29.83,10,8,5,17,5,22,T,7,Thunderstorm,124
2012-5-24,81,74,67,67,65,61,100,76,51,30.09,30.05,29.98,10,6,0,16,7,25,T,6,Fog-Rain,112
2012-5-25,83,76,69,70,67,66,97,78,58,30.14,30.12,30.09,10,8,2,15,5,18,T,6,,121
2012-5-26,89,78,66,71,68,64,93,73,53,30.16,30.13,30.08,10,10,6,10,4,15,0.00,5,,193
2012-5-27,89,79,68,69,66,64,90,68,46,30.15,30.11,30.02,10,10,7,18,5,26,0.24,5,Rain-Thunderstorm,197
2012-5-28,93,80,66,71,67,64,93,67,41,30.05,29.98,29.92,10,10,10,12,4,15,0.00,3,,238
2012-5-29,91,80,69,70,68,64,97,71,44,29.93,29.83,29.73,10,10,6,18,8,26,0.12,3,Rain-Thunderstorm,225
2012-5-30,83,75,66,68,65,57,97,71,45,29.81,29.76,29.71,10,10,7,8,2,16,T,6,Rain,262
2012-5-31,85,75,64,64,53,47,93,61,28,29.91,29.83,29.71,10,10,7,16,4,24,0.00,2,,347
2012-6-1,81,71,60,70,64,54,90,76,62,29.91,29.78,29.68,10,7,0,21,8,37,1.55,7,Fog-Rain-Thunderstorm-Tornado,137
2012-6-2,75,66,56,61,51,45,100,69,38,29.83,29.78,29.71,10,10,8,21,7,29,0.00,4,,288
2012-6-3,79,66,53,53,50,48,89,62,35,29.84,29.78,29.70,10,10,10,22,8,33,T,3,,265
2012-6-4,74,66,57,57,52,46,93,66,38,29.77,29.68,29.65,10,10,10,21,9,29,0.06,6,,317
2012-6-5,70,62,53,54,49,45,86,63,40,29.96,29.86,29.78,10,10,10,15,6,21,T,7,Rain,33
2012-6-6,77,64,50,53,49,45,89,61,33,30.01,29.98,29.95,10,10,10,10,3,18,0.00,5,,234
2012-6-7,80,68,56,58,54,51,93,66,39,30.01,29.98,29.93,10,10,10,21,6,29,0.04,4,Rain,270
2012-6-8,85,69,52,55,52,47,93,60,27,30.01,29.96,29.90,10,10,10,15,6,21,0.00,3,,288
2012-6-9,90,76,62,56,54,49,73,50,26,29.99,29.96,29.93,10,10,10,16,7,23,0.00,4,,268
2012-6-10,94,80,65,61,58,54,73,51,28,30.11,30.05,30.00,10,10,10,10,3,29,0.00,2,,228
2012-6-11,89,78,66,65,62,58,87,62,37,30.14,30.10,30.06,10,10,7,18,5,22,0.00,6,,152
2012-6-12,76,72,68,72,69,63,100,84,68,30.06,29.93,29.82,10,5,1,12,6,16,0.33,8,Rain,160
2012-6-13,80,74,67,70,57,49,93,63,33,30.04,29.94,29.83,10,10,10,20,10,26,0.00,6,,340
2012-6-14,82,74,65,62,57,52,81,62,42,30.24,30.14,30.06,10,10,10,18,10,26,0.00,6,,58
2012-6-15,81,69,57,60,55,48,93,67,40,30.29,30.25,30.22,10,10,9,16,6,21,0.00,2,,89
2012-6-16,81,68,55,58,51,48,84,60,35,30.33,30.26,30.19,10,10,10,16,6,26,0.00,3,,82
2012-6-17,75,64,53,57,55,51,84,67,49,30.22,30.16,30.07,10,10,7,14,4,23,0.00,4,,122
2012-6-18,70,64,58,61,58,55,87,77,66,30.12,30.10,30.07,10,10,7,9,3,14,0.03,7,Rain,151
2012-6-19,88,78,67,70,66,61,93,74,55,30.15,30.12,30.07,10,10,9,12,3,14,0.00,6,,110
2012-6-20,98,84,70,71,68,64,93,64,35,30.12,30.07,30.00,10,9,5,12,4,26,0.00,3,,283
2012-6-21,100,88,75,71,67,62,82,57,31,29.99,29.92,29.83,10,9,7,12,4,28,0.00,2,,268
2012-6-22,98,85,71,70,67,59,90,60,29,29.86,29.81,29.74,10,9,6,20,6,28,0.04,6,Rain-Thunderstorm,287
2012-6-23,90,79,68,70,60,52,97,62,27,30.00,29.92,29.86,10,9,6,15,4,22,0.11,4,,306
2012-6-24,92,78,64,63,59,54,87,58,29,30.01,29.96,29.88,10,10,10,13,4,16,T,5,Rain,157
2012-6-25,88,77,66,69,59,43,90,58,26,29.87,29.76,29.69,10,10,7,20,9,28,T,4,Thunderstorm,289
2012-6-26,81,70,58,49,46,43,62,45,28,29.88,29.83,29.78,10,10,9,21,8,31,0.00,1,,311
2012-6-27,90,75,59,58,50,46,66,45,23,29.91,29.86,29.82,10,10,10,23,9,33,0.00,2,,288
2012-6-28,96,80,64,59,56,52,78,51,23,29.90,29.83,29.75,10,10,10,16,6,22,0.00,3,,252
2012-6-29,103,87,71,75,68,60,64,50,36,29.84,29.73,29.67,10,9,1,47,6,66,0.51,5,Rain-Thunderstorm,268
2012-6-30,95,83,70,71,67,61,100,67,33,29.84,29.80,29.74,10,9,4,14,5,17,0.01,4,Rain-Thunderstorm,268
2012-7-1,97,85,73,73,69,64,93,64,35,29.88,29.85,29.78,10,10,8,18,7,24,0.00,4,,282
2012-7-2,94,83,71,70,62,55,84,56,28,29.96,29.93,29.88,10,10,10,22,7,31,0.04,4,Rain-Thunderstorm,324
2012-7-3,96,82,67,69,62,53,84,54,24,29.96,29.92,29.86,10,10,10,13,4,17,T,4,,288
2012-7-4,97,86,74,73,67,62,74,56,38,29.90,29.85,29.80,10,10,8,20,7,23,0.00,5,,276
2012-7-5,99,89,78,72,68,63,69,54,39,29.85,29.82,29.78,10,10,10,18,7,25,0.00,6,Rain-Thunderstorm,288
2012-7-6,99,87,75,69,64,56,82,56,30,29.95,29.90,29.86,10,10,10,13,4,20,0.00,2,,336
2012-7-7,104,90,76,73,67,52,87,53,18,29.91,29.87,29.81,10,9,7,15,6,20,0.00,5,,250
2012-7-8,100,91,82,74,72,68,74,60,45,29.87,29.84,29.81,10,8,6,14,5,20,0.00,7,,43
2012-7-9,86,79,71,76,66,58,93,67,40,29.97,29.92,29.84,10,9,4,13,5,18,0.33,7,Rain-Thunderstorm,23
2012-7-10,90,79,67,70,64,56,93,63,32,30.05,30.00,29.96,10,10,10,20,5,22,0.00,6,,88
2012-7-11,90,80,70,70,63,55,90,62,34,30.17,30.11,30.04,10,10,10,16,5,22,0.00,6,,118
2012-7-12,88,76,64,64,60,53,93,64,34,30.20,30.18,30.16,10,10,10,13,4,17,0.00,5,,133
2012-7-13,90,80,69,66,62,57,78,57,36,30.22,30.19,30.16,10,10,10,9,2,13,T,7,,201
2012-7-14,84,76,67,74,68,61,88,73,58,30.22,30.18,30.13,10,9,2,10,4,14,0.26,7,Rain-Thunderstorm,73
2012-7-15,96,86,75,76,72,68,94,69,44,30.13,30.06,29.97,10,10,6,15,5,20,0.06,7,Rain-Thunderstorm,240
2012-7-16,95,84,73,74,71,69,88,66,43,30.00,29.91,29.83,10,10,10,15,6,25,T,5,Rain,277
2012-7-17,100,87,74,71,66,58,87,58,28,29.90,29.86,29.80,10,10,8,13,6,21,0.00,4,,256
2012-7-18,104,90,76,74,69,64,87,59,31,29.91,29.85,29.80,10,10,8,22,5,30,0.02,5,Rain-Thunderstorm,247
2012-7-19,95,84,72,75,71,68,93,68,42,29.95,29.90,29.84,10,8,1,24,6,29,0.86,6,Rain-Thunderstorm,7
2012-7-20,79,73,67,73,70,64,93,86,79,30.00,29.92,29.84,10,7,2,18,7,24,0.20,8,Rain,46
2012-7-21,69,67,64,67,65,63,100,95,90,30.14,30.08,29.99,10,5,1,15,6,20,1.24,8,Rain,40
2012-7-22,81,74,67,70,68,66,93,81,69,30.18,30.14,30.12,10,9,4,7,2,12,0.00,7,,206
2012-7-23,91,81,71,74,71,67,100,75,50,30.12,30.04,29.89,10,7,0,13,4,17,T,6,Fog,238
2012-7-24,91,83,74,74,71,68,82,69,56,29.87,29.76,29.68,10,9,6,22,11,29,T,4,Rain,266
2012-7-25,87,78,69,66,57,49,73,51,29,29.95,29.89,29.79,10,10,2,12,5,22,0.00,1,,334
2012-7-26,97,83,69,75,70,61,100,74,48,29.84,29.75,29.66,10,9,2,22,6,35,0.23,4,Rain-Thunderstorm,221
2012-7-27,91,82,72,73,71,70,93,73,52,29.87,29.80,29.73,10,10,8,16,4,21,0.00,5,Fog,289
2012-7-28,91,82,72,73,70,65,88,66,44,29.93,29.88,29.85,10,9,7,14,4,20,0.00,4,,280
2012-7-29,88,79,69,69,67,65,90,69,48,30.02,29.97,29.90,10,10,7,13,3,17,0.00,4,,320
2012-7-30,87,78,69,73,70,66,97,74,51,30.08,30.04,30.01,10,8,3,20,5,24,0.03,5,Rain-Thunderstorm,99
2012-7-31,86,78,70,72,70,66,93,72,51,30.04,29.98,29.89,10,10,9,12,5,17,0.00,5,Fog,93
2012-8-1,88,80,71,71,68,66,90,71,51,29.92,29.87,29.81,10,10,9,10,3,14,T,6,,110
2012-8-2,90,80,69,74,71,68,97,75,52,29.92,29.88,29.85,10,9,3,17,2,22,0.06,3,Thunderstorm,161
2012-8-3,92,82,71,73,71,69,94,73,52,30.09,30.00,29.93,10,9,7,13,4,17,0.00,5,,159
2012-8-4,93,85,76,75,74,72,94,73,52,30.16,30.12,30.07,10,8,6,17,6,22,0.00,3,,148
2012-8-5,96,86,76,74,71,68,88,65,42,30.16,30.07,30.01,10,10,7,36,8,44,T,5,Rain-Thunderstorm,220
2012-8-6,92,83,73,74,70,62,88,65,41,30.06,30.02,29.97,10,10,3,10,5,18,0.01,6,Rain,270
2012-8-7,87,79,70,71,68,64,93,70,46,30.01,29.98,29.95,10,10,8,9,4,17,0.00,7,,77
2012-8-8,89,80,71,75,68,61,93,67,40,29.99,29.96,29.93,10,9,5,12,3,16,0.00,6,,131
2012-8-9,92,81,70,73,70,66,94,73,52,29.95,29.90,29.84,10,8,2,18,4,24,0.19,5,Rain-Thunderstorm,154
2012-8-10,86,78,70,73,70,68,100,78,55,29.85,29.78,29.73,10,8,2,18,6,28,0.29,7,Rain,186
2012-8-11,87,78,69,73,69,65,100,74,48,29.91,29.85,29.78,10,8,1,16,4,28,0.71,7,Rain-Thunderstorm,193
2012-8-12,85,77,68,72,63,59,100,72,43,30.00,29.95,29.90,10,10,6,13,4,16,0.00,5,,303
2012-8-13,88,77,65,67,63,58,93,65,36,30.05,30.00,29.95,10,10,10,10,3,15,0.00,4,,183
2012-8-14,86,78,69,72,70,66,93,72,51,29.96,29.90,29.83,10,9,6,16,4,18,0.16,7,Rain-Thunderstorm,102
2012-8-15,85,77,68,69,68,66,97,76,55,29.90,29.87,29.83,10,9,7,10,4,18,0.00,5,,316
2012-8-16,88,77,65,65,62,57,93,65,36,29.98,29.93,29.89,10,9,6,15,4,24,0.00,1,,290
2012-8-17,92,78,64,70,64,59,93,65,36,29.92,29.85,29.78,10,9,3,17,6,24,0.18,3,Rain,228
2012-8-18,84,74,64,70,62,54,93,65,37,29.94,29.89,29.85,10,8,4,13,5,17,0.08,5,Rain,342
2012-8-19,76,69,61,65,62,58,90,75,60,29.97,29.93,29.90,10,10,6,9,3,13,0.03,7,Rain,87
2012-8-20,80,72,64,64,63,59,100,76,52,29.96,29.90,29.84,10,9,2,18,2,22,0.71,7,Rain,13
2012-8-21,83,72,61,64,61,57,100,72,43,30.10,30.03,29.98,10,8,4,10,2,13,0.00,5,,72
2012-8-22,84,73,61,64,62,59,93,70,46,30.16,30.12,30.09,10,9,7,13,2,15,0.00,5,,166
2012-8-23,86,75,64,66,63,60,93,69,44,30.17,30.14,30.10,10,9,7,9,2,14,0.00,5,,146
2012-8-24,87,77,66,67,63,57,93,67,40,30.17,30.14,30.12,10,10,8,12,3,15,0.00,6,,89
2012-8-25,80,75,70,69,66,58,87,77,67,30.21,30.18,30.15,10,10,10,24,9,29,0.01,8,Rain,67
2012-8-26,79,74,68,73,70,64,97,90,82,30.24,30.20,30.17,10,7,0,17,8,23,3.36,7,Fog-Rain-Thunderstorm,86
2012-8-27,87,78,68,73,69,66,97,74,50,30.17,30.10,29.97,10,10,7,12,4,20,0.00,5,,188
2012-8-28,89,79,68,73,68,60,94,67,40,29.95,29.91,29.88,10,10,5,15,5,17,0.03,4,Rain,274
2012-8-29,86,75,64,65,61,57,87,64,40,30.03,29.97,29.92,10,10,10,12,2,14,0.00,2,,331
2012-8-30,87,76,64,69,65,61,93,68,42,30.12,30.08,30.03,10,10,9,9,1,13,0.00,2,,112
2012-8-31,93,81,69,70,65,57,100,66,32,30.11,30.05,29.99,10,9,4,18,5,28,0.00,1,,274
2012-9-1,93,83,73,74,70,66,94,72,49,30.06,30.02,29.98,10,8,1,25,5,30,0.32,7,Rain-Thunderstorm,285
2012-9-2,83,78,72,75,73,70,100,87,74,30.04,30.01,29.96,10,6,5,9,3,15,0.00,7,,79
2012-9-3,84,80,75,75,73,70,94,80,65,30.06,30.03,29.99,10,6,3,12,5,15,T,7,Rain,115
2012-9-4,89,82,75,75,73,69,94,75,55,30.03,29.96,29.86,10,9,7,17,5,24,0.01,6,,187
2012-9-5,91,83,75,75,72,68,94,72,49,29.85,29.82,29.78,10,9,2,13,6,20,0.46,6,Rain-Thunderstorm,204
2012-9-6,85,78,70,74,71,68,94,80,65,29.93,29.88,29.84,10,10,6,9,5,13,0.02,6,Rain,85
2012-9-7,88,78,68,71,69,66,97,77,57,29.94,29.90,29.83,10,10,8,13,3,16,0.00,1,,159
2012-9-8,89,77,65,72,69,62,100,77,53,29.86,29.75,29.60,10,8,1,24,7,35,0.44,7,Rain-Thunderstorm,214
2012-9-9,79,69,59,60,55,50,93,65,37,29.95,29.87,29.82,10,10,10,14,5,18,0.00,4,,298
2012-9-10,75,66,56,53,49,43,80,57,33,30.17,30.06,29.96,10,10,10,16,7,23,0.00,1,,317
2012-9-11,79,65,51,54,48,41,89,59,28,30.31,30.26,30.18,10,10,9,10,1,17,0.00,1,,140
2012-9-12,79,66,53,56,53,50,93,65,37,30.38,30.33,30.30,10,10,10,10,2,14,0.00,0,,157
2012-9-13,81,68,55,57,53,46,93,63,33,30.38,30.33,30.28,10,10,10,10,2,17,0.00,1,Fog,140
2012-9-14,82,69,55,66,59,53,93,69,45,30.28,30.19,30.11,10,10,10,12,3,15,0.00,4,Fog,216
2012-9-15,77,67,57,63,51,45,93,63,33,30.22,30.15,30.10,10,10,9,17,6,24,0.00,5,,325
2012-9-16,76,65,53,55,51,48,93,66,38,30.17,30.12,30.07,10,10,7,14,4,18,0.00,6,,285
2012-9-17,74,64,53,66,58,51,93,73,53,30.12,30.06,29.98,10,10,8,10,3,14,0.02,5,Rain,154
2012-9-18,79,72,65,70,68,62,97,87,76,29.96,29.76,29.61,10,8,1,30,9,47,0.60,8,Rain,188
2012-9-19,71,62,52,63,50,43,83,60,37,30.17,30.04,29.82,10,10,10,15,6,21,0.00,5,,315
2012-9-20,73,61,49,55,50,46,96,70,44,30.18,30.13,30.08,10,10,10,10,2,13,0.00,4,,115
2012-9-21,77,65,53,62,57,51,93,75,57,30.09,30.03,29.96,10,10,9,14,4,18,0.00,2,Fog,140
2012-9-22,84,74,63,64,61,56,93,69,44,29.96,29.86,29.77,10,10,8,15,6,23,0.04,3,Rain,232
2012-9-23,69,60,50,53,44,39,83,59,35,30.16,30.09,29.91,10,10,10,16,5,23,0.00,2,,303
2012-9-24,68,59,50,47,42,33,83,55,27,30.23,30.18,30.14,10,10,10,16,4,21,0.00,3,,299
2012-9-25,75,61,46,55,48,44,93,66,38,30.21,30.15,30.09,10,10,10,16,5,21,0.00,3,,203
2012-9-26,82,72,61,63,60,55,93,70,46,30.12,30.09,30.04,10,10,8,15,6,21,0.09,6,Rain,214
2012-9-27,81,72,63,66,63,60,93,72,51,30.17,30.12,30.08,10,10,7,18,4,23,0.11,7,Rain,67
2012-9-28,79,71,63,67,62,54,100,77,54,30.09,30.02,29.96,10,7,3,13,3,16,0.06,7,Fog-Rain,290
2012-9-29,70,63,55,53,50,46,86,65,44,30.01,29.96,29.91,10,10,10,14,5,17,0.00,6,,306
2012-9-30,73,62,51,54,49,45,100,68,35,29.91,29.87,29.80,10,10,7,18,5,26,0.04,4,Rain,274
2012-10-1,72,60,48,57,50,45,100,70,40,29.97,29.94,29.89,10,10,7,10,3,15,T,6,Rain,231
2012-10-2,71,67,63,70,64,57,100,92,84,29.95,29.93,29.89,10,4,0,12,5,28,0.54,8,Fog-Rain,58
2012-10-3,81,76,70,72,70,67,100,81,62,30.11,30.03,29.94,10,5,0,10,2,14,0.01,7,Fog-Rain,237
2012-10-4,80,71,62,72,67,58,100,77,54,30.14,30.11,30.08,10,7,2,14,3,17,0.01,6,Rain,265
2012-10-5,81,70,59,59,56,53,90,65,39,30.12,30.06,29.95,10,10,10,15,5,21,0.00,1,,253
2012-10-6,79,64,48,60,53,43,90,68,45,30.04,29.91,29.83,10,10,9,22,7,29,0.00,3,,250
2012-10-7,53,49,45,48,46,42,93,82,71,30.16,30.09,30.04,10,8,2,9,2,13,0.15,6,Rain,261
2012-10-8,54,48,41,44,41,39,96,78,59,30.30,30.24,30.18,10,10,8,12,4,15,T,6,,360
2012-10-9,61,54,47,54,49,42,93,81,69,30.20,30.14,30.06,10,8,2,10,4,13,0.08,7,Rain,6
2012-10-10,69,60,50,55,51,41,100,71,42,30.09,29.98,29.87,10,5,1,21,6,30,T,6,Rain,273
2012-10-11,62,53,43,42,35,29,89,61,32,30.29,30.21,30.10,10,10,10,14,5,18,0.00,0,,268
2012-10-12,67,53,39,41,36,28,92,63,33,30.44,30.24,30.14,10,10,10,20,7,28,0.00,2,,319
2012-10-13,58,47,35,39,31,27,82,58,33,30.54,30.44,30.30,10,10,10,10,3,14,0.00,2,,70
2012-10-14,74,60,45,56,48,42,92,67,41,30.28,30.13,29.94,10,10,10,17,5,23,0.00,5,,204
2012-10-15,71,62,53,63,59,49,87,78,68,29.91,29.75,29.68,10,8,1,20,7,29,0.53,7,Rain,239
2012-10-16,63,53,43,47,43,39,93,68,43,29.92,29.87,29.79,10,10,10,18,6,24,0.00,2,,286
2012-10-17,66,54,41,50,44,39,96,70,44,30.03,29.97,29.93,10,10,9,10,2,13,0.00,4,,146
2012-10-18,69,57,44,59,51,44,100,77,53,29.97,29.90,29.82,10,9,6,17,6,22,0.01,5,Fog-Rain,127
2012-10-19,76,66,55,64,62,56,100,82,64,29.82,29.71,29.59,10,7,2,20,4,26,0.92,6,Rain,197
2012-10-20,66,57,48,54,46,39,96,70,43,29.92,29.77,29.67,10,9,2,15,5,20,0.00,2,,275
2012-10-21,66,56,45,42,41,39,82,61,40,30.13,30.05,29.94,10,10,10,16,7,21,0.00,1,,280
2012-10-22,71,57,43,47,42,39,86,60,33,30.20,30.14,30.10,10,10,10,13,4,16,0.00,0,,263
2012-10-23,76,62,48,56,50,46,93,70,46,30.14,30.09,30.04,10,10,10,10,2,13,0.00,5,,91
2012-10-24,81,68,54,59,56,53,93,69,45,30.13,30.09,30.05,10,10,8,12,2,15,0.00,5,,90
2012-10-25,67,64,61,60,58,57,90,82,73,30.22,30.19,30.15,8,5,2,13,8,15,0.00,7,,84
2012-10-26,69,65,60,59,58,57,97,83,68,30.20,30.14,30.06,10,8,5,13,6,15,0.00,7,,78
2012-10-27,68,63,58,57,53,50,93,75,56,30.05,29.95,29.86,10,10,10,18,10,23,0.00,7,,54
2012-10-28,61,58,54,52,48,42,93,75,57,29.84,29.73,29.57,10,9,5,22,12,30,0.24,8,Rain,27
2012-10-29,54,50,46,52,48,44,96,91,86,29.55,29.12,28.49,9,4,1,40,21,60,5.51,8,Rain,323
2012-10-30,46,44,41,43,40,37,96,91,86,29.47,29.15,28.52,10,8,2,28,7,39,0.92,8,Rain,196
2012-10-31,53,47,40,40,38,35,93,74,54,29.65,29.56,29.47,10,10,10,13,5,17,0.00,7,,239
2012-11-1,50,47,44,38,36,34,70,63,56,29.74,29.68,29.64,10,10,10,20,9,24,T,7,Rain,263
2012-11-2,52,47,41,35,33,28,76,59,42,29.91,29.78,29.74,10,10,10,24,11,32,T,5,,275
2012-11-3,48,44,40,32,30,29,62,56,49,30.06,29.99,29.91,10,10,10,21,10,28,0.00,7,,291
2012-11-4,51,42,33,31,29,28,82,62,41,30.09,30.05,30.00,10,10,10,15,5,21,0.00,4,,296
2012-11-5,48,39,30,31,26,24,70,56,42,30.19,30.10,30.03,10,10,10,17,7,24,0.00,4,,338
2012-11-6,45,37,28,30,25,21,85,63,40,30.23,30.14,30.04,10,10,10,14,7,17,0.00,5,,54
2012-11-7,44,41,38,32,27,24,76,63,49,29.99,29.92,29.88,10,10,8,14,7,21,0.06,8,Rain,353
2012-11-8,54,47,39,28,18,10,70,44,18,30.04,29.93,29.87,10,10,10,23,12,31,T,4,,310
2012-11-9,57,46,35,35,31,27,85,63,41,30.24,30.16,30.05,10,10,10,16,5,22,0.00,0,,299
2012-11-10,63,48,32,40,37,32,96,66,36,30.38,30.32,30.24,10,9,6,9,1,12,0.00,4,,110
2012-11-11,66,51,36,47,42,35,93,69,45,30.47,30.42,30.37,10,8,4,10,3,13,0.00,1,,113
2012-11-12,69,55,40,58,48,39,100,82,63,30.43,30.34,30.14,10,5,0,15,5,21,T,6,Fog-Rain,145
2012-11-13,63,49,35,54,39,27,96,71,46,30.48,30.33,30.16,10,7,2,24,7,32,0.44,6,Rain,321
2012-11-14,48,39,30,29,27,25,92,69,45,30.56,30.49,30.44,10,10,10,15,4,20,0.00,4,,3
2012-11-15,47,39,31,34,31,28,85,72,58,30.43,30.36,30.31,10,10,10,12,4,13,0.00,7,,36
2012-11-16,52,44,35,32,29,27,89,64,38,30.45,30.35,30.31,10,10,10,12,3,17,0.00,4,,353
2012-11-17,53,41,29,30,27,25,82,57,32,30.61,30.55,30.45,10,10,10,15,4,24,0.00,2,,44
2012-11-18,51,43,34,38,35,31,92,76,59,30.62,30.57,30.51,10,10,7,17,7,20,0.00,6,,46
2012-11-19,55,50,44,39,37,36,76,65,54,30.48,30.37,30.23,10,10,10,13,6,20,0.00,6,,18
2012-11-20,53,46,39,42,40,37,93,79,64,30.21,30.16,30.10,10,9,7,9,3,15,0.00,7,,46
2012-11-21,57,44,31,36,31,23,100,64,27,30.22,30.18,30.14,10,9,5,12,2,18,0.00,1,Fog,36
2012-11-22,58,43,28,32,29,26,92,61,30,30.28,30.22,30.15,10,10,8,9,1,15,0.00,0,,38
2012-11-23,61,45,28,42,32,27,100,64,28,30.14,29.94,29.78,10,9,6,29,5,39,0.00,4,,201
2012-11-24,47,42,36,25,20,18,52,45,38,30.03,29.94,29.83,10,10,10,29,15,39,0.00,6,,293
2012-11-25,41,34,26,21,19,17,81,60,38,30.08,30.01,29.96,10,10,10,18,6,24,0.00,4,,256
2012-11-26,54,40,25,32,26,21,85,60,35,30.22,30.14,30.01,10,10,10,14,3,21,0.00,3,,288
2012-11-27,42,37,32,39,36,31,100,85,70,30.27,30.20,30.18,10,6,2,12,6,17,0.21,7,Rain,8
2012-11-28,46,37,27,33,26,22,96,68,40,30.37,30.29,30.24,10,9,6,17,6,24,0.00,4,,294
2012-11-29,49,38,26,27,23,20,84,58,31,30.45,30.38,30.33,10,10,10,16,4,21,0.00,2,,255
2012-11-30,50,38,25,33,28,23,92,67,42,30.38,30.35,30.32,10,10,8,8,3,10,0.00,6,,62
2012-12-1,50,42,34,41,37,32,100,83,66,30.46,30.40,30.35,9,5,1,10,3,14,0.00,6,,40
2012-12-2,56,46,36,47,42,35,100,83,66,30.39,30.28,30.15,9,3,0,8,2,10,T,8,Fog,130
2012-12-3,70,56,41,53,48,41,100,77,53,30.25,30.21,30.15,10,9,6,9,1,13,0.00,3,Fog,260
2012-12-4,70,58,46,53,49,45,100,77,53,30.24,30.15,30.00,10,9,6,10,2,17,0.00,6,Fog,164
2012-12-5,64,51,38,49,34,20,72,52,32,30.31,30.12,29.98,10,10,10,20,11,28,0.00,5,,297
2012-12-6,42,35,27,25,22,20,78,62,45,30.39,30.32,30.27,10,10,10,12,3,21,0.00,5,,55
2012-12-7,48,39,30,46,37,26,100,86,71,30.25,30.12,29.97,10,9,3,8,2,10,0.02,8,Rain,117
2012-12-8,53,50,46,50,48,46,100,95,89,30.03,29.95,29.90,6,2,0,7,2,9,0.00,7,Fog-Rain,149
2012-12-9,50,48,45,50,47,44,100,93,86,30.19,30.10,29.98,10,2,0,17,7,23,0.19,8,Fog-Rain,59
2012-12-10,61,53,45,58,52,45,100,92,84,29.97,29.73,29.58,10,3,0,13,4,18,T,7,Fog,216
2012-12-11,59,48,37,50,35,27,93,70,46,30.22,29.96,29.67,10,10,5,22,7,29,0.09,7,Rain,315
2012-12-12,45,39,33,30,27,25,82,64,45,30.43,30.36,30.22,10,10,10,9,4,16,0.00,7,,4
2012-12-13,47,38,28,25,24,20,85,61,37,30.46,30.41,30.35,10,10,10,13,4,18,0.00,2,,39
2012-12-14,54,40,25,29,25,19,92,59,26,30.34,30.28,30.21,10,10,10,13,3,16,0.00,1,,248
2012-12-15,51,41,31,39,31,27,85,66,46,30.31,30.23,30.15,10,9,7,13,3,15,T,7,,100
2012-12-16,50,47,43,48,44,40,100,86,71,30.14,29.95,29.84,10,6,0,8,3,10,0.07,8,Fog-Rain,112
2012-12-17,52,50,47,52,49,46,100,100,100,29.86,29.76,29.56,4,1,0,13,5,15,0.14,8,Fog-Rain,78
2012-12-18,59,50,40,54,43,30,100,75,50,29.80,29.60,29.53,10,8,3,28,10,37,T,5,Fog,256
2012-12-19,54,44,33,35,32,29,89,70,50,30.18,29.96,29.80,10,10,10,23,6,33,0.00,4,,292
2012-12-20,50,42,33,48,36,29,93,73,53,30.21,29.94,29.49,10,8,2,18,7,22,0.69,7,Rain,111
2012-12-21,57,47,37,55,37,21,93,71,48,29.52,29.36,29.24,10,8,2,29,18,43,0.47,7,Rain,241
2012-12-22,42,38,33,22,21,19,61,50,39,30.01,29.80,29.52,10,10,10,32,19,44,0.00,4,,285
2012-12-23,47,37,26,22,19,16,75,52,28,30.07,29.99,29.90,10,10,10,14,4,18,0.00,2,,222
2012-12-24,38,32,25,36,29,22,100,80,59,30.09,29.99,29.90,10,6,1,13,4,17,0.17,7,Rain-Snow,73
2012-12-25,48,39,30,38,33,27,100,80,60,30.26,30.07,29.91,10,6,1,14,5,25,0.00,5,Fog,319
2012-12-26,49,40,31,45,34,25,100,85,69,30.26,29.83,29.35,10,6,0,28,14,36,1.05,8,Fog-Rain-Snow,54
2012-12-27,44,40,36,43,30,24,92,73,54,30.00,29.65,29.35,10,9,2,33,16,46,0.03,7,Rain,300
2012-12-28,42,37,31,28,26,25,85,69,53,30.14,30.07,30.01,10,10,10,18,4,23,0.00,6,,295
2012-12-29,39,36,32,35,31,27,100,82,64,30.04,29.74,29.56,10,5,0,22,6,32,0.16,8,Fog-Rain-Snow,12
2012-12-30,39,34,29,27,21,18,64,54,44,30.32,30.10,29.81,10,10,10,33,14,46,0.00,5,,287
2012-12-31,41,34,27,26,21,19,69,55,41,30.32,30.18,30.00,10,10,10,10,4,13,0.00,6,,239

